-- Generation time: Wed, 26 Aug 2020 14:58:28 +0000
-- Host: mysql.hostinger.ro
-- DB name: u574849695_25
/*!40030 SET NAMES UTF8 */;
/*!40101 SET @OLD_CHARACTER_SET_CLIENT=@@CHARACTER_SET_CLIENT */;
/*!40101 SET @OLD_CHARACTER_SET_RESULTS=@@CHARACTER_SET_RESULTS */;
/*!40101 SET @OLD_COLLATION_CONNECTION=@@COLLATION_CONNECTION */;
/*!40103 SET @OLD_TIME_ZONE=@@TIME_ZONE */;
/*!40103 SET TIME_ZONE='+00:00' */;
/*!40014 SET @OLD_UNIQUE_CHECKS=@@UNIQUE_CHECKS, UNIQUE_CHECKS=0 */;
/*!40014 SET @OLD_FOREIGN_KEY_CHECKS=@@FOREIGN_KEY_CHECKS, FOREIGN_KEY_CHECKS=0 */;
/*!40101 SET @OLD_SQL_MODE=@@SQL_MODE, SQL_MODE='NO_AUTO_VALUE_ON_ZERO' */;
/*!40111 SET @OLD_SQL_NOTES=@@SQL_NOTES, SQL_NOTES=0 */;

DROP TABLE IF EXISTS `comments`;
CREATE TABLE `comments` (
  `id` bigint(20) unsigned NOT NULL AUTO_INCREMENT,
  `user_id` bigint(20) unsigned NOT NULL,
  `post_id` bigint(20) unsigned NOT NULL,
  `body` text COLLATE utf8_unicode_ci DEFAULT NULL,
  `created_at` datetime DEFAULT current_timestamp(),
  `updated_at` datetime DEFAULT current_timestamp() ON UPDATE current_timestamp(),
  PRIMARY KEY (`id`),
  KEY `user_id` (`user_id`),
  KEY `post_id` (`post_id`),
  CONSTRAINT `comments_ibfk_1` FOREIGN KEY (`user_id`) REFERENCES `profiles` (`user_id`),
  CONSTRAINT `comments_ibfk_2` FOREIGN KEY (`post_id`) REFERENCES `posts` (`id`)
) ENGINE=InnoDB AUTO_INCREMENT=101 DEFAULT CHARSET=utf8 COLLATE=utf8_unicode_ci;

INSERT INTO `comments` VALUES ('1','96','74','Quisquam ducimus autem dolore repudiandae voluptatem non facilis. Vel omnis nam fugiat iusto at deleniti molestias. Dignissimos atque repellendus totam repellat. Esse eligendi dicta perspiciatis nam molestias.','1974-01-23 21:06:16','1993-12-12 23:13:46'),
('2','23','42','Qui sequi molestias dolorum eos fugit expedita aut. Consequatur dolore suscipit et voluptatibus molestias voluptas provident perspiciatis.','1970-05-25 16:45:36','1975-06-21 23:20:04'),
('3','84','49','Dolore et nostrum aut magnam ducimus. Dolores voluptates nesciunt eveniet fuga impedit minus est unde. Cum inventore beatae sunt doloremque.','2020-03-21 03:43:33','1987-01-25 05:51:09'),
('4','46','99','Facilis sequi harum aliquam ut doloremque praesentium blanditiis sit. Omnis dolore omnis sint sequi et necessitatibus sint doloremque. Non exercitationem fugit aut vel quaerat quis vero. Enim vel rem fugiat.','2012-03-06 03:53:42','1987-09-02 13:12:35'),
('5','66','4','Fugiat autem et corporis commodi. Sit impedit quae ullam et qui nulla. Doloremque omnis esse nam repellat quia iste.','2017-08-08 14:47:57','2018-05-28 11:26:11'),
('6','7','19','Quod aut sit natus non doloremque. Nostrum et sunt veniam. Quia optio est quos eum veniam velit.','1996-10-15 12:23:01','1972-03-10 18:35:42'),
('7','93','51','Ut velit doloremque tempora reiciendis libero porro voluptas. Rem nesciunt quidem sint est deleniti quo quis. Dolores ut autem cupiditate assumenda odit. Quo iusto est sunt et nemo qui.','1996-02-11 11:06:10','1980-08-10 03:59:15'),
('8','70','2','Aperiam distinctio dignissimos architecto. Sed excepturi ad eum et aspernatur aut. Provident aut distinctio repudiandae. Sit suscipit adipisci aut voluptatem sed voluptates repellendus. Et laboriosam eius labore.','1979-08-13 18:51:51','2018-05-25 05:04:02'),
('9','51','96','Commodi quasi fuga optio occaecati. Et praesentium magni non quis nobis sunt aut qui. Tenetur quis fuga officiis. Omnis repudiandae voluptatem et quis deleniti aut. Tempore tempora itaque facere.','1985-02-21 18:49:42','1997-09-01 07:49:00'),
('10','6','22','Odio voluptas similique consequatur dignissimos dicta ipsum. Sed voluptas voluptatem harum sunt. Fugiat libero quis tempora voluptas molestias et sit.','1986-08-18 07:08:27','1982-05-20 14:55:48'),
('11','37','8','Enim voluptate quo dolor iste eum veritatis minima. Tenetur sed dolores sed excepturi. Tempore neque dicta non fugiat quae labore blanditiis.','1998-07-22 00:00:29','2014-11-22 12:44:47'),
('12','84','90','Aut placeat dolores natus quo veritatis doloremque nihil. Asperiores ipsa ut quia. Perspiciatis voluptatem dolore consequatur recusandae consequatur soluta neque et. Quia corporis quos nostrum qui minus.','2009-05-05 04:35:42','1979-12-09 22:58:48'),
('13','76','9','Odit et saepe harum quia. Mollitia enim illum quaerat omnis dolores eaque. Atque deleniti nostrum pariatur repellat quasi distinctio cum.','1989-09-07 21:19:07','1981-03-04 10:28:40'),
('14','57','60','In eos velit expedita beatae labore sed occaecati fuga. Ut esse molestiae neque voluptatum ipsum voluptatibus. Omnis sed quasi commodi illo animi.','2012-03-21 16:02:25','2010-11-29 18:07:17'),
('15','72','76','Sit et necessitatibus aut hic. Voluptatem omnis id perspiciatis nisi ullam. Occaecati dolor recusandae optio atque est deserunt non cumque.','1978-08-04 00:51:25','1978-02-01 06:01:05'),
('16','36','67','Nisi velit ipsam et enim. Ea repellendus at omnis et similique. Esse reprehenderit dolorem molestiae nostrum nihil dolores.','2010-10-09 09:25:39','2011-06-09 05:35:32'),
('17','49','59','Cum corporis dolor adipisci deleniti veritatis distinctio. Aut quaerat suscipit repudiandae similique officia. Ut et hic a ratione ut ut voluptate. Tenetur est ab iure et aut et asperiores temporibus.','1990-08-03 19:44:17','2010-12-22 05:06:14'),
('18','9','32','Et quia vero laudantium. Excepturi harum officiis amet dignissimos aut quibusdam facere. Qui eveniet ex odio eligendi.','2005-09-11 03:50:07','2009-07-20 06:48:25'),
('19','7','54','Ipsam possimus doloremque quas et consequuntur sint repudiandae. Ut praesentium et mollitia voluptatibus molestiae aut. Aut quia quia nostrum saepe optio. Enim quasi dolorem id porro sapiente voluptas.','1988-10-02 23:23:57','1988-09-05 01:20:38'),
('20','31','73','Quo et eaque voluptatem qui id inventore ut consequatur. Libero inventore aspernatur eos id voluptates. Reprehenderit in molestiae eveniet laboriosam nisi. Ut nobis consequatur et possimus. Minus voluptatem iste ipsam et temporibus exercitationem.','1972-03-20 22:48:43','1996-02-01 18:41:37'),
('21','58','37','Veritatis eos sapiente corporis recusandae vitae nihil reiciendis. Cumque maxime ipsam aspernatur temporibus. Delectus facere et vel labore.','2000-03-24 22:29:48','1979-01-25 03:07:16'),
('22','91','51','Quo voluptatem et at et optio a adipisci. Deserunt tempore tenetur officia ex porro culpa. Magnam non nam natus facere. Nostrum autem assumenda unde eos voluptas non.','2002-08-27 10:16:52','1973-12-18 20:40:16'),
('23','87','61','Perferendis maxime et quia accusamus eaque. Sint dolor culpa debitis velit fugiat molestiae. Nesciunt a quibusdam ducimus voluptas veniam nobis voluptatibus numquam. Repudiandae officia laborum laboriosam incidunt sapiente eum.','2015-10-29 15:11:56','2008-01-26 19:39:41'),
('24','53','38','Debitis qui incidunt autem voluptas rerum delectus et et. Eum accusamus voluptatum nihil esse. Repellat sed veniam vitae numquam.','2012-05-11 14:27:39','1998-10-10 14:31:54'),
('25','56','59','Consequatur incidunt aut aut ea error. Quas velit consequuntur qui aliquam ex. Sunt qui vel minus numquam.','2003-04-06 20:17:22','1997-05-22 04:05:07'),
('26','59','92','Sit perferendis iusto tempore et et est optio recusandae. Debitis aut cum doloremque minus reiciendis voluptatem voluptatum. Tempora exercitationem labore rerum sapiente ut.','1993-05-27 10:34:27','1974-08-19 19:46:48'),
('27','66','43','Iste illo soluta illum dolorum earum. Veniam porro magnam tempora eos. Sit aperiam quod ut quasi id autem qui earum. Exercitationem eveniet eligendi nemo praesentium blanditiis omnis.','2000-03-08 12:36:35','1986-01-22 20:41:51'),
('28','82','41','Dolor et consequatur sed officia voluptas sequi. Dolor beatae optio vitae debitis aut. Qui voluptatem voluptatem aliquid ut blanditiis occaecati magni quibusdam. Velit beatae vel nobis.','1977-05-11 00:01:48','2018-12-12 18:35:53'),
('29','51','39','Temporibus excepturi assumenda unde omnis repudiandae at nihil. Suscipit placeat reiciendis qui vitae. Odit enim ex perspiciatis eveniet nobis placeat. Illum adipisci autem commodi nisi fugiat vitae quasi.','2012-10-04 23:36:52','2019-02-20 01:44:23'),
('30','1','23','Ratione ut dolorum suscipit similique ut facilis. Est consequuntur omnis dolore est molestias. Dolorem qui eligendi est eos possimus. Esse qui sed libero fugit.','1975-11-25 06:08:41','1992-09-21 20:36:07'),
('31','14','36','Rerum eligendi unde nostrum sed esse. Est dolor est sit nemo nobis impedit. Voluptas delectus aliquid voluptatem repudiandae.','2010-09-19 12:45:26','1977-11-29 16:07:46'),
('32','90','63','Voluptatem sapiente recusandae distinctio ullam dolores quos et. Est exercitationem illum et. Harum corrupti autem in quia. Magni nulla quisquam quia rem repudiandae dolores.','1997-04-17 11:57:18','1970-10-10 07:24:50'),
('33','95','98','Corrupti qui beatae incidunt et eos ut voluptatibus. Est ut molestiae rerum blanditiis quo ducimus sit occaecati. Et voluptas vel voluptate incidunt aut. Animi repudiandae pariatur libero soluta unde.','1992-05-05 13:03:40','1999-02-15 15:38:17'),
('34','94','2','Numquam quo quia consequatur sit consectetur assumenda ut veritatis. Repellat rerum tempora temporibus dolorem harum. Facilis nemo ut exercitationem aut quaerat. Cumque ut architecto natus cupiditate distinctio tenetur.','2017-07-01 08:32:21','2009-06-18 20:14:56'),
('35','52','24','Est molestias eum non minus nihil. Doloremque temporibus molestias officia quam.','1980-12-22 19:12:48','1970-04-25 22:55:19'),
('36','75','10','Quasi placeat omnis perferendis et magni aspernatur. Aut rerum cum sunt. Suscipit cumque non debitis quidem et ipsa.','1986-04-08 12:37:16','2019-12-10 11:27:44'),
('37','60','66','Quo qui voluptas accusantium voluptates. Et magni dignissimos qui ratione iste. In et repudiandae vel voluptas aut sed iste. Dolorem rerum repellendus voluptatem dolorem eligendi provident.','1970-06-26 22:06:24','1996-12-27 02:57:53'),
('38','60','47','Voluptatem voluptate ut veniam natus hic. Ut iure minus fugiat soluta est. Voluptate vitae qui accusamus accusantium tempora. Illo tempore est reprehenderit nesciunt fugit veritatis aliquam.','2018-01-22 12:43:06','1976-03-20 04:49:13'),
('39','26','13','Maiores ut cupiditate et veritatis. Dolor dolores expedita praesentium magnam ut. Sit est qui magni error. Provident et asperiores et quia distinctio nisi voluptas.','2005-03-18 05:30:22','1981-05-05 21:24:28'),
('40','85','82','Expedita eveniet velit nisi. Dolor vitae voluptas ea esse voluptas illo commodi quia. Animi voluptas aliquid quis. Quam dolorem maxime cumque voluptas.','1996-06-11 02:14:11','1978-06-20 02:48:50'),
('41','71','44','Minus in vel et est voluptatem quae perferendis. Magni nulla modi qui ut. Aspernatur impedit quidem qui. Aut incidunt quia qui quaerat aut distinctio itaque.','1999-11-17 19:48:52','1979-12-24 21:38:54'),
('42','74','37','Occaecati aut qui dignissimos velit accusamus saepe. Commodi officia inventore est quasi. Rem dolorem quia et et itaque facilis ad. Quia cum veniam sit aut sed.','2000-05-03 03:39:06','1980-06-11 21:43:24'),
('43','86','55','Enim id et velit labore perspiciatis cumque consequuntur est. Voluptates et consequatur molestiae illo velit dicta. Odio qui odio in et praesentium.','1970-05-18 08:56:43','2012-08-29 12:12:40'),
('44','77','37','Voluptas corporis sapiente quidem facilis sint odit. Rerum vel harum maxime dolorem sunt. Est consectetur sed nihil aut reiciendis voluptatem. Molestias suscipit nesciunt neque voluptatibus.','2018-06-14 01:28:16','2015-03-17 22:13:30'),
('45','93','78','Sint molestiae vel optio vel sit placeat ea. Autem et sit architecto est voluptatum. Perferendis tempora distinctio assumenda quis. Odit dolor magni quos eum facilis.','1984-07-14 18:36:47','2020-04-10 21:01:29'),
('46','59','7','Nesciunt corporis fuga nobis consequuntur quo. Nemo quae minima est aut deserunt. Voluptates quae maiores libero est molestiae beatae. Sunt tempore nobis amet totam consectetur impedit est aut.','1977-04-29 11:06:00','1993-04-29 10:16:24'),
('47','13','49','Vel labore dolores fuga sapiente natus enim. Fuga in eum omnis dolore quisquam. Et saepe sed quidem doloribus eos architecto velit maiores. Rerum quia tempora pariatur eos ipsum ab.','1984-12-08 20:10:33','1988-08-07 21:41:25'),
('48','69','8','Aut commodi est animi fuga minima tempore sunt et. Quisquam alias nesciunt ea quo. Provident voluptatum omnis veritatis quis optio aspernatur.','2003-02-08 08:54:02','1994-09-03 07:33:18'),
('49','46','63','Soluta neque voluptatem a dolorem. Quidem repudiandae sit et tempore temporibus sapiente. Non ad et assumenda ullam aut quo. Sunt voluptatem nulla quam quos aut ipsa delectus.','2018-03-16 13:43:48','1992-08-24 08:07:22'),
('50','9','98','Earum quam at velit unde consequatur pariatur et itaque. Modi nostrum minima autem sapiente.','2011-11-19 19:58:13','1979-11-14 21:43:50'),
('51','86','83','Officiis omnis fugiat reprehenderit eaque sed quia fugit. Corporis hic fugiat quae. Nihil error illum dignissimos similique quod est. Dolor iure tempora qui quod alias sunt eius fuga.','1975-09-02 02:09:11','1983-10-28 09:14:05'),
('52','7','46','Nam officia aut provident quis. Dolores autem omnis doloribus facere omnis similique. Voluptatibus fugit dolores voluptates eveniet voluptas delectus quisquam aut. Vero quibusdam optio velit est doloremque ut tempore minus. Quam at inventore asperiores eos.','1999-10-10 09:45:21','1978-10-05 07:18:49'),
('53','48','66','Deleniti dolore perferendis molestias rerum. Quam ipsa nam consequuntur earum sapiente porro voluptatem. Sed nam dignissimos ut est enim officiis.','2003-10-28 10:52:32','1989-12-20 04:14:46'),
('54','93','74','Aspernatur enim pariatur veniam labore fugit corrupti neque et. Ipsum veniam sed molestiae aut dolor nulla quibusdam. Quae quisquam accusamus in quia nulla culpa. At et tenetur enim.','2004-02-05 07:00:31','1992-03-14 18:56:22'),
('55','79','77','Placeat blanditiis qui aut laudantium corporis. Necessitatibus recusandae labore alias illum quae quos consequatur placeat. Fuga aliquam est quo error eligendi maiores qui magni. Consequatur explicabo animi nihil eligendi.','2011-04-07 00:10:01','1976-02-06 15:24:35'),
('56','55','49','Soluta eaque aut sunt est adipisci aspernatur nemo. Totam possimus et animi aut impedit illum labore est. Debitis illum consequatur est repudiandae omnis. Velit id culpa excepturi quidem laborum quam.','2015-12-27 09:44:56','2018-07-19 13:59:06'),
('57','20','28','Sed aliquid blanditiis odio dolorem. Itaque recusandae et sit porro.','2008-09-25 19:53:01','1986-04-30 08:10:46'),
('58','86','6','In et delectus quidem et et. Sapiente dolor eius architecto beatae ratione ut deserunt consequuntur.','1996-12-31 06:04:01','2002-05-07 21:40:51'),
('59','83','62','Itaque tempore quaerat perferendis. Et voluptas et incidunt ex numquam sit incidunt id. Culpa consequatur a doloribus ea reprehenderit quisquam. Sed quo consequatur molestiae sed autem sit.','1977-05-23 12:33:38','1982-03-11 03:09:59'),
('60','42','76','Ut et magni ut sed velit expedita. Cumque exercitationem est sit quod a quibusdam. Dicta nostrum voluptas aliquid facere praesentium ex placeat.','1989-12-15 20:51:36','2003-12-18 04:13:25'),
('61','39','1','Rem ipsam omnis eius et. Et dolorem ex consequuntur sapiente aut consequuntur. Incidunt et ipsum commodi ut aut rerum vel.','2008-01-30 19:43:50','1986-04-30 05:45:45'),
('62','82','52','Quis reprehenderit dolorem et ipsum. Voluptatibus alias deserunt vitae. Quaerat sit voluptas neque. Sed saepe voluptatem numquam qui.','1985-12-02 02:39:16','1994-01-23 15:41:24'),
('63','49','50','Omnis possimus porro sunt ut eveniet doloremque. Ipsa est cupiditate tempore labore reprehenderit facere et. Tempore repellat qui explicabo rerum itaque dolorem. Inventore incidunt aliquam sunt dolor quas iure adipisci.','1972-02-25 23:20:34','2012-11-17 01:45:43'),
('64','60','95','Cum est ut necessitatibus et fuga accusamus. Facilis aut error quos. Dolores incidunt corrupti nesciunt et quo veniam explicabo.','1989-04-10 05:32:44','1987-03-01 13:33:31'),
('65','12','68','Sit deleniti sapiente non dolorem aut. Eum aliquam nihil quas dignissimos laboriosam.','2015-11-24 09:49:22','2012-02-13 09:55:46'),
('66','92','98','Ut et est sed ducimus ea sit. Consequuntur minus et quam ipsa. Quas fugiat culpa reiciendis eligendi. Ipsam velit pariatur dicta non quibusdam quam illo.','2004-07-19 15:20:06','2003-06-22 23:45:11'),
('67','51','98','Harum amet qui voluptatem cum magni voluptas. Harum autem perspiciatis optio repellendus. Iusto sed aut corrupti blanditiis quibusdam.','2006-11-11 23:42:25','1982-02-18 16:38:51'),
('68','44','98','Sint explicabo quos assumenda alias. Ab rerum accusamus non iure sed et. Libero sapiente aut rerum distinctio et et voluptas maxime.','2018-07-24 02:42:23','2004-12-07 13:31:17'),
('69','64','37','Quia aliquid exercitationem iusto adipisci soluta explicabo qui. Aliquid corporis sed consequatur eos qui. Deleniti et voluptas ad quibusdam distinctio. Et voluptatem ea et id.','1998-08-09 21:38:06','1997-06-29 12:08:48'),
('70','71','43','At fugit commodi voluptatem esse. Aut nihil exercitationem sint est ad temporibus. Et officiis labore voluptas ipsa voluptatem et quibusdam.','1970-11-25 10:10:51','1992-09-01 12:10:51'),
('71','13','26','Harum labore repellendus ullam consectetur quis. Aspernatur omnis ea voluptatem expedita.','1987-11-27 15:36:21','1996-04-27 16:58:14'),
('72','92','33','Ut atque dolor tempora. Ratione est ducimus veritatis nemo in eius maxime nulla. Est voluptatem illo officia qui pariatur.','2000-03-31 05:47:26','1996-12-11 04:27:15'),
('73','53','77','Quo eos ullam aspernatur voluptas inventore quis debitis. Quo vel quis voluptatibus corrupti dolores error at. Aut voluptatem harum eveniet id qui est quisquam.','2004-03-02 07:56:02','2018-11-17 00:38:15'),
('74','39','36','Cumque molestiae inventore omnis eius sint est laudantium. Dolorum quasi voluptatem illo exercitationem fuga qui ipsam. Temporibus praesentium quaerat accusamus reiciendis iure atque at.','1997-04-15 03:25:39','2005-08-06 14:33:57'),
('75','39','80','Sed enim et voluptatem voluptas consectetur. Quas quod voluptatibus id cumque ea voluptas. Aliquid ullam quia fuga provident ratione eum temporibus.','1993-02-07 05:37:54','1985-03-13 05:40:38'),
('76','11','78','Illo nisi possimus quis blanditiis ducimus autem. Optio voluptatem doloremque totam. Aut necessitatibus sint iure quisquam id laudantium voluptas.','1989-09-13 12:40:25','1976-05-29 09:29:15'),
('77','81','92','Magni sed in possimus repellendus. Est fuga consectetur quos rerum asperiores. Odit itaque animi ut libero reiciendis reprehenderit maxime. Eum magnam quae sunt.','2013-11-09 10:48:07','2005-08-19 14:25:16'),
('78','29','30','Omnis molestiae dolores cupiditate quas et itaque necessitatibus enim. Architecto consequatur ab maiores ipsam. Distinctio quisquam similique quo dolor asperiores. Sequi ad qui doloribus inventore quia vel veritatis.','1978-07-11 12:47:39','1976-12-27 11:23:13'),
('79','42','89','Perspiciatis laudantium ut alias ipsum. Eum quasi excepturi pariatur veritatis est maxime sint minima. Quasi consequatur sapiente ipsam quasi enim in et. Omnis consequuntur molestiae laudantium id unde non. Explicabo voluptatem rerum aliquid a.','2013-11-07 18:52:29','1989-11-28 00:32:19'),
('80','24','54','At molestiae laudantium voluptates facere ullam. Asperiores officia error voluptatem sit qui fugit animi. Est dolor doloremque omnis.','1992-07-09 20:58:04','1989-02-23 06:24:44'),
('81','56','16','Ut ut aliquid labore nihil fugiat quia modi. Quia nihil eius odio fuga voluptatum. Voluptate unde sint laboriosam sapiente fugit quaerat sint soluta.','2011-10-02 05:55:16','1978-05-07 06:49:03'),
('82','52','6','Quod facere illo ad voluptatibus quia. Consequuntur qui reiciendis eaque et assumenda est est. Ut rerum ipsum aut ducimus placeat.','2017-01-31 15:24:15','2008-11-18 21:39:36'),
('83','14','95','Autem sunt tempora voluptatem optio nesciunt error aperiam. Laborum maiores maiores repudiandae et corrupti incidunt perspiciatis nesciunt. Et quibusdam fuga optio quia molestiae commodi. Odio consequatur odio consectetur quia est officiis repellendus ratione.','1985-12-10 00:38:28','1983-12-06 22:31:14'),
('84','4','78','Ducimus delectus quos sed quo aut reprehenderit at facilis. Odio in ipsum enim quis porro tenetur. Omnis consequatur officiis quia nostrum.','1985-09-29 19:07:32','2001-01-26 00:58:39'),
('85','32','75','Ut est suscipit quis. Molestias hic ex maxime consequatur.','2017-11-28 01:05:25','1999-07-01 16:23:55'),
('86','20','44','Ipsam sed molestiae ducimus asperiores consectetur. Et eum ut et et maxime sapiente natus. Iste sit ipsa veritatis ipsum. Nesciunt qui nesciunt aut esse. Libero tempore maxime voluptatem rem est.','1994-09-28 20:46:34','2015-07-10 01:34:45'),
('87','100','11','Iste doloremque est aut. Omnis perspiciatis voluptatum laudantium nihil eos corrupti. Omnis recusandae facere ea architecto voluptas aperiam quos.','1980-12-20 12:38:45','2009-08-30 23:52:05'),
('88','77','53','Aut vel libero nam quod nostrum cum. Ut fuga eos voluptas. Eos est quidem nesciunt tempore non nulla repudiandae. Quis officia unde corrupti accusantium et.','1991-08-10 03:55:07','2004-08-03 05:28:26'),
('89','87','15','Veritatis molestiae laborum non ut. Consequatur illo aut voluptate.','1976-02-25 02:45:35','2011-12-10 04:52:48'),
('90','88','26','Ducimus et suscipit harum tempore et maiores nihil. Expedita nam consequatur est ea quae nihil. A sint adipisci nihil est officia libero at. Aspernatur dignissimos qui ea quos officiis repellendus veniam.','1989-09-02 09:02:13','2002-01-29 11:16:59'),
('91','95','98','Non dolorem minima voluptatibus laborum. Maxime sed omnis voluptatem et atque aliquam perspiciatis. Nesciunt porro dolor fugiat et.','2002-12-08 23:39:39','2017-01-31 18:02:21'),
('92','3','75','Animi modi nemo ipsum autem dolorem. Perspiciatis nihil iusto non. Quia laudantium porro qui doloremque eum molestias facere.','2017-07-15 14:28:27','1978-10-04 09:32:26'),
('93','90','32','Id iure fugiat ut aliquam non. Enim distinctio atque ea est perspiciatis suscipit. Autem rerum alias beatae qui fugit ut. Odit non non numquam eos natus.','1999-04-08 20:58:10','1994-05-06 18:31:35'),
('94','4','31','Omnis dolores sapiente assumenda dolore aut exercitationem eligendi. Similique repellendus voluptates enim officiis voluptatem eum quia cum.','2015-12-31 15:07:40','1983-03-24 15:26:24'),
('95','20','28','Inventore voluptatum est ratione et similique eum est. Minima facilis nihil esse accusamus voluptatem.','2009-11-12 22:56:46','2008-11-14 06:22:23'),
('96','85','75','Soluta animi temporibus aliquam amet quod non. Voluptas aut ipsum minus labore ullam omnis. Assumenda eos assumenda et et esse ut quas temporibus. Et id dolor incidunt.','2006-09-29 11:39:06','2010-06-16 11:25:51'),
('97','43','36','Incidunt aspernatur voluptates rerum a nisi ut a. Maiores et autem voluptas veritatis ut recusandae quia. Aut vel sed temporibus necessitatibus quod nemo. Doloribus quae et quo non ex eos quis quidem.','1978-02-16 09:18:43','2000-10-31 15:28:37'),
('98','81','57','Magni et eum quod soluta maiores tempore. Et eius qui minus autem voluptas. Rerum ut similique et ipsa assumenda dolorem.','1990-10-15 03:21:02','2007-01-02 22:53:32'),
('99','31','84','Impedit similique nulla ipsum molestias voluptates iste. Eligendi odit corporis et odio consequatur ex. Animi eum blanditiis sed harum dolorem. Doloremque adipisci maxime hic qui ab fugit id. Illum est iure beatae aliquam sunt sunt consequatur nam.','1975-11-12 11:43:45','2009-09-23 16:21:53'),
('100','34','62','Quos dicta cum sit quibusdam. Aliquid cupiditate expedita blanditiis cumque omnis beatae hic. Vel est natus unde ea omnis.','2019-02-21 05:14:16','1974-09-12 05:55:36'); 


DROP TABLE IF EXISTS `communities`;
CREATE TABLE `communities` (
  `id` bigint(20) unsigned NOT NULL AUTO_INCREMENT,
  `name` varchar(255) COLLATE utf8_unicode_ci DEFAULT NULL,
  PRIMARY KEY (`id`),
  KEY `name` (`name`)
) ENGINE=InnoDB AUTO_INCREMENT=101 DEFAULT CHARSET=utf8 COLLATE=utf8_unicode_ci;

INSERT INTO `communities` VALUES ('47','accusamus'),
('88','ad'),
('42','alias'),
('44','alias'),
('46','alias'),
('20','aut'),
('82','aut'),
('80','beatae'),
('38','blanditiis'),
('97','commodi'),
('28','consectetur'),
('61','consequatur'),
('73','corporis'),
('25','corrupti'),
('99','cum'),
('45','cupiditate'),
('78','deleniti'),
('92','deserunt'),
('32','distinctio'),
('81','dolor'),
('30','dolore'),
('48','dolore'),
('95','doloremque'),
('34','dolorum'),
('52','ducimus'),
('7','enim'),
('64','enim'),
('91','eos'),
('84','est'),
('40','et'),
('43','et'),
('36','eum'),
('94','eum'),
('72','fuga'),
('63','fugit'),
('1','hic'),
('16','hic'),
('27','in'),
('39','in'),
('76','in'),
('54','ipsam'),
('51','laboriosam'),
('33','laudantium'),
('66','laudantium'),
('89','maiores'),
('50','maxime'),
('93','minus'),
('12','modi'),
('35','modi'),
('58','molestiae'),
('2','mollitia'),
('41','mollitia'),
('86','neque'),
('4','nihil'),
('29','nihil'),
('37','nihil'),
('56','nihil'),
('15','non'),
('26','nulla'),
('59','numquam'),
('79','numquam'),
('21','occaecati'),
('53','odit'),
('11','officia'),
('57','omnis'),
('68','omnis'),
('60','perferendis'),
('55','possimus'),
('74','possimus'),
('17','praesentium'),
('71','quas'),
('13','qui'),
('85','qui'),
('5','quia'),
('31','quia'),
('62','quia'),
('100','quia'),
('96','quis'),
('49','quo'),
('75','quo'),
('67','recusandae'),
('24','saepe'),
('90','saepe'),
('70','sed'),
('98','sed'),
('9','sequi'),
('14','sequi'),
('6','sint'),
('83','sit'),
('8','sunt'),
('23','sunt'),
('77','sunt'),
('87','tempore'),
('69','temporibus'),
('10','ullam'),
('18','ullam'),
('22','ut'),
('65','ut'),
('19','velit'),
('3','voluptatem'); 


DROP TABLE IF EXISTS `friend_requests`;
CREATE TABLE `friend_requests` (
  `initiator_user_id` bigint(20) unsigned NOT NULL,
  `target_user_id` bigint(20) unsigned NOT NULL,
  `status` enum('requested','approved','unfriended','decline') COLLATE utf8_unicode_ci DEFAULT 'requested',
  `requested_at` datetime DEFAULT current_timestamp(),
  `updated_at` datetime DEFAULT NULL,
  PRIMARY KEY (`initiator_user_id`,`target_user_id`),
  KEY `friend_request_iui_idx` (`initiator_user_id`),
  KEY `target_user_id` (`target_user_id`),
  CONSTRAINT `friend_requests_fk1` FOREIGN KEY (`initiator_user_id`) REFERENCES `profiles` (`user_id`),
  CONSTRAINT `friend_requests_ibfk_1` FOREIGN KEY (`target_user_id`) REFERENCES `profiles` (`user_id`)
) ENGINE=InnoDB DEFAULT CHARSET=utf8 COLLATE=utf8_unicode_ci;

INSERT INTO `friend_requests` VALUES ('1','92','unfriended','1991-05-08 22:14:51','2004-03-03 20:35:26'),
('3','33','requested','1982-07-22 17:59:28','2020-03-23 21:01:48'),
('3','74','decline','2018-10-17 10:17:53','1995-09-25 05:02:57'),
('7','20','unfriended','2003-01-19 01:38:15','2016-05-16 15:25:46'),
('7','99','decline','2019-04-06 05:36:34','1986-11-08 12:30:46'),
('8','25','requested','2008-06-13 11:33:03','1981-03-24 23:56:39'),
('8','92','unfriended','1974-05-31 01:24:01','1985-09-18 12:04:19'),
('14','2','approved','2009-12-09 15:46:15','2018-03-31 15:24:05'),
('14','55','requested','1987-10-03 16:29:09','1972-04-12 15:53:54'),
('15','76','decline','2015-09-27 16:23:40','1978-11-17 16:22:07'),
('16','62','requested','1997-02-07 13:21:25','2006-11-22 11:49:56'),
('16','78','decline','2016-12-18 21:09:58','2000-02-29 00:28:43'),
('18','14','requested','2012-11-16 11:30:10','2007-06-13 11:41:22'),
('18','76','requested','2002-11-06 10:55:53','1994-03-27 04:49:11'),
('18','85','unfriended','1975-12-21 15:59:41','1984-04-18 14:43:02'),
('19','19','decline','1986-08-28 08:41:20','2004-05-29 02:05:18'),
('21','50','decline','2006-08-24 15:52:47','1988-03-15 15:38:31'),
('22','54','requested','2016-03-10 11:42:47','1986-10-20 04:53:23'),
('22','69','decline','1984-07-19 08:38:35','2003-10-27 13:39:10'),
('22','75','unfriended','1991-06-29 14:46:54','2004-11-23 22:13:16'),
('23','50','requested','2010-06-01 09:39:16','1980-06-03 23:40:14'),
('25','67','approved','1974-03-05 13:04:16','1975-02-17 10:16:24'),
('26','35','requested','1979-12-18 15:11:32','1979-05-05 14:27:21'),
('26','44','approved','2015-05-07 08:30:16','2012-12-24 09:57:15'),
('26','54','decline','1988-12-12 01:39:03','1985-11-09 23:15:02'),
('29','61','decline','1987-09-20 04:23:47','2020-03-29 19:06:05'),
('30','67','unfriended','2008-12-11 22:28:57','1971-09-11 17:47:50'),
('34','2','unfriended','1978-08-26 18:51:33','1980-09-22 20:45:16'),
('34','43','decline','2014-11-14 22:50:40','2008-02-04 17:36:02'),
('34','84','unfriended','1996-04-15 23:31:21','2016-04-01 16:09:09'),
('36','6','requested','1992-02-13 13:51:21','1974-04-07 13:30:46'),
('36','60','approved','2017-12-22 10:55:03','1991-10-04 07:35:13'),
('38','61','unfriended','2004-08-02 04:42:48','1973-07-09 20:59:26'),
('39','90','requested','2000-04-28 16:45:53','2016-01-09 19:33:04'),
('40','72','approved','1981-11-23 02:30:15','2010-06-02 11:22:56'),
('43','64','approved','2011-11-21 10:39:30','2012-06-11 13:37:48'),
('43','99','decline','1996-09-26 12:53:13','2016-10-23 17:35:57'),
('44','26','unfriended','1995-04-14 01:02:28','2011-07-01 19:22:47'),
('44','69','requested','2002-10-21 00:58:36','1991-11-14 23:49:03'),
('45','83','decline','1997-09-19 16:02:46','1986-06-04 17:21:04'),
('46','61','unfriended','2004-03-19 20:33:12','1985-09-12 04:53:00'),
('46','67','unfriended','1991-07-27 13:27:04','2015-11-15 00:58:59'),
('47','11','approved','2019-06-29 19:24:48','1998-05-05 02:24:24'),
('51','50','unfriended','2005-09-27 10:20:41','2010-08-30 08:20:37'),
('53','29','approved','2011-08-12 21:31:41','2018-11-21 17:25:17'),
('53','38','requested','2020-06-15 07:12:26','1992-02-15 00:19:18'),
('55','47','approved','2001-07-24 17:36:59','2005-01-25 17:20:05'),
('55','71','unfriended','1991-12-05 16:58:54','1991-12-02 00:16:13'),
('55','86','unfriended','1997-11-20 13:16:49','1989-06-09 14:28:27'),
('56','58','decline','1994-07-24 22:55:44','1986-09-25 05:54:09'),
('57','41','requested','1995-02-11 04:04:22','1984-09-29 06:18:12'),
('57','76','requested','2020-01-18 08:14:12','2018-12-22 04:32:28'),
('59','11','unfriended','1996-04-13 01:10:00','1973-08-07 13:44:04'),
('59','14','requested','2016-04-07 23:53:54','2005-04-20 05:02:05'),
('59','37','decline','1986-06-04 17:25:14','2010-10-25 15:13:59'),
('60','24','unfriended','1987-02-04 19:06:39','1973-07-30 12:28:23'),
('60','73','decline','1974-07-13 08:48:11','1989-09-27 11:49:48'),
('60','93','decline','1993-03-07 08:19:59','1971-12-17 18:12:39'),
('61','2','decline','1982-02-18 06:32:56','1986-02-13 05:54:14'),
('62','19','unfriended','1985-08-02 19:36:13','1979-04-19 14:53:33'),
('63','7','requested','1997-03-26 14:10:29','1997-08-31 10:26:53'),
('63','39','decline','2010-05-18 09:40:10','2007-12-15 04:38:42'),
('64','5','unfriended','1993-09-07 23:33:44','1999-05-20 10:53:14'),
('68','7','unfriended','2012-03-26 05:45:21','1999-08-09 03:48:25'),
('68','39','requested','1980-10-31 10:24:56','1990-02-28 09:49:25'),
('68','78','requested','2005-08-15 05:55:21','1987-01-03 17:53:35'),
('69','16','decline','1973-11-12 00:57:24','2001-02-01 18:13:34'),
('69','64','decline','1996-05-30 09:34:17','2005-06-14 10:10:48'),
('70','12','decline','2009-04-10 21:09:14','2004-11-29 06:10:25'),
('70','13','requested','1989-08-11 07:50:28','2004-11-01 08:56:59'),
('71','20','approved','1996-01-09 05:36:03','2014-01-01 00:23:23'),
('71','40','approved','1982-08-19 07:38:39','2020-02-16 08:19:37'),
('73','2','decline','1976-05-17 03:45:36','1988-08-28 22:19:24'),
('74','62','approved','1983-11-27 00:35:08','1996-11-29 10:34:55'),
('75','85','decline','1990-08-13 14:39:50','2009-07-15 06:07:30'),
('77','18','decline','1989-09-08 02:21:37','2012-03-17 06:58:29'),
('77','48','approved','1984-04-30 18:18:57','1998-08-15 00:57:25'),
('78','50','unfriended','2009-05-28 06:18:13','1991-05-15 08:34:43'),
('79','87','decline','1979-11-02 10:52:39','1993-06-09 11:45:57'),
('80','11','decline','2007-09-26 10:28:25','2002-03-03 12:56:24'),
('80','13','unfriended','2009-04-21 08:08:08','2017-10-27 13:23:21'),
('81','13','decline','2017-07-16 16:31:13','1975-08-17 05:55:09'),
('81','21','requested','2002-07-19 23:55:29','1974-03-31 16:34:30'),
('81','27','unfriended','1998-10-20 12:15:17','2010-04-21 17:18:12'),
('82','21','approved','1975-04-11 16:52:34','2002-11-03 12:49:29'),
('82','67','approved','1997-07-10 14:57:47','2003-06-23 01:15:19'),
('84','4','decline','1979-06-05 03:17:07','2008-06-07 16:03:47'),
('88','22','unfriended','2006-01-04 06:55:21','1979-01-19 05:50:06'),
('89','96','requested','1974-04-01 07:06:13','1980-04-21 09:46:15'),
('90','20','approved','1971-05-21 17:36:28','2016-10-08 08:13:35'),
('91','45','decline','1981-12-31 22:57:32','1986-11-06 21:53:36'),
('93','73','unfriended','1970-08-22 09:15:01','1987-03-06 05:30:32'),
('94','99','unfriended','1978-11-14 03:04:33','2013-04-15 14:06:50'),
('95','22','approved','2009-12-07 09:47:55','1988-08-05 12:16:03'),
('95','86','decline','2004-06-21 09:17:06','1978-03-30 07:30:24'),
('97','11','requested','1974-11-20 10:41:53','1995-05-26 23:53:36'),
('97','40','decline','1976-09-05 00:22:36','2018-09-12 06:07:17'),
('98','71','requested','1976-03-27 16:07:33','1986-03-23 04:16:19'),
('99','9','decline','2010-06-25 19:07:20','2011-01-24 10:11:10'); 


DROP TABLE IF EXISTS `likes`;
CREATE TABLE `likes` (
  `id` bigint(20) unsigned NOT NULL,
  `like_photo_id` bigint(20) unsigned NOT NULL,
  `like_comment_id` bigint(20) unsigned NOT NULL,
  `like_post_id` bigint(20) unsigned NOT NULL,
  `like_message_id` bigint(20) unsigned NOT NULL,
  `like_count` bigint(20) unsigned NOT NULL,
  KEY `like_photo_id` (`like_photo_id`),
  KEY `like_comment_id` (`like_comment_id`),
  KEY `like_post_id` (`like_post_id`),
  KEY `like_message_id` (`like_message_id`),
  CONSTRAINT `likes_ibfk_1` FOREIGN KEY (`like_photo_id`) REFERENCES `photos` (`id`),
  CONSTRAINT `likes_ibfk_2` FOREIGN KEY (`like_comment_id`) REFERENCES `comments` (`id`),
  CONSTRAINT `likes_ibfk_3` FOREIGN KEY (`like_post_id`) REFERENCES `posts` (`id`),
  CONSTRAINT `likes_ibfk_4` FOREIGN KEY (`like_message_id`) REFERENCES `messages` (`id`)
) ENGINE=InnoDB DEFAULT CHARSET=utf8 COLLATE=utf8_unicode_ci;

INSERT INTO `likes` VALUES ('45','7','90','96','12','5'),
('79','56','84','6','86','64630134'),
('70','41','71','96','66','48855023'),
('80','95','6','67','63','524'),
('81','24','81','60','59','0'),
('24','1','52','25','13','0'),
('29','80','24','21','6','4991296'),
('1','20','85','36','27','8'),
('23','74','31','39','29','0'),
('56','15','44','15','55','0'),
('32','15','10','21','10','963987'),
('19','15','87','72','39','274'),
('88','68','31','97','68','7158'),
('50','82','22','81','62','0'),
('95','46','2','68','65','2'),
('38','86','3','91','59','273305'),
('60','34','30','88','48','0'),
('95','73','2','3','88','1858'),
('81','12','23','97','27','65'),
('81','9','68','65','76','52226'),
('86','99','62','44','81','6660205'),
('22','83','25','42','28','570638027'),
('81','26','10','93','11','24048467'),
('85','12','84','70','45','474159'),
('80','13','57','93','86','9'),
('89','59','95','73','70','51'),
('51','17','70','97','26','916857'),
('19','38','61','1','36','8291'),
('51','23','45','16','6','4602'),
('23','69','58','34','94','649'),
('19','67','26','5','79','71034'),
('66','9','74','24','22','528'),
('5','31','17','7','89','22982'),
('46','11','80','59','27','61738'),
('76','50','55','52','87','4856'),
('66','16','53','22','38','8'),
('58','98','38','43','66','39802'),
('65','96','76','60','63','2546714'),
('62','2','65','41','11','5357'),
('69','38','65','32','68','1'),
('35','81','39','57','92','520793941'),
('8','19','15','18','68','7599'),
('57','70','70','55','85','3'),
('9','23','76','23','20','2'),
('45','14','65','86','9','83'),
('35','41','46','71','42','64'),
('87','10','12','53','48','5088550'),
('86','77','85','16','58','1413553'),
('81','24','72','49','42','381228'),
('85','87','67','10','56','130'),
('0','36','64','40','59','43595'),
('54','40','62','79','53','838'),
('49','27','65','61','68','0'),
('60','10','32','9','20','68911478'),
('24','43','62','67','19','0'),
('44','46','83','76','69','2533478'),
('68','54','25','11','40','547'),
('83','91','20','96','27','573'),
('31','84','35','85','23','1'),
('89','97','63','76','23','97'),
('40','28','37','90','37','593'),
('57','68','99','56','11','930830434'),
('42','60','23','29','6','365048'),
('77','5','5','74','59','3807173'),
('95','29','85','99','20','0'),
('94','4','94','46','87','0'),
('58','28','30','10','25','69555'),
('11','93','85','47','20','34'),
('34','21','37','57','89','3127'),
('94','36','12','99','96','3345367'),
('70','35','28','1','39','801878548'),
('1','33','75','97','62','0'),
('23','59','95','81','63','2376544'),
('15','88','26','50','16','67970'),
('12','56','59','40','48','45407'),
('27','44','87','68','65','486'),
('44','24','24','53','59','264756'),
('44','36','52','54','70','79300067'),
('75','79','55','8','12','868'),
('11','30','5','73','88','689621604'),
('59','99','53','51','87','0'),
('59','79','100','3','34','443447465'),
('76','59','42','81','3','145620883'),
('69','29','49','67','53','80'),
('69','72','20','11','7','25'),
('49','72','65','77','50','0'),
('48','20','85','62','49','78896'),
('52','89','34','37','88','9013'),
('55','87','87','74','65','84446046'),
('51','87','76','98','46','3798775'),
('59','18','79','48','47','7844278'),
('45','27','15','99','98','58025'),
('60','35','10','5','6','7104'),
('72','74','82','56','94','25599687'),
('79','66','17','42','54','353505093'),
('55','50','78','42','36','5'),
('76','65','15','1','52','95308'),
('82','91','98','97','9','43866'),
('58','76','45','56','2','359323519'),
('45','59','54','100','93','935'); 


DROP TABLE IF EXISTS `messages`;
CREATE TABLE `messages` (
  `id` bigint(20) unsigned NOT NULL AUTO_INCREMENT,
  `from_user_id` bigint(20) unsigned NOT NULL,
  `to_user_id` bigint(20) unsigned NOT NULL,
  `body` text COLLATE utf8_unicode_ci DEFAULT NULL,
  `is_read` tinyint(1) DEFAULT NULL,
  `created_at` datetime DEFAULT current_timestamp(),
  PRIMARY KEY (`id`),
  UNIQUE KEY `id` (`id`),
  KEY `from_user_id` (`from_user_id`),
  KEY `to_user_id` (`to_user_id`),
  CONSTRAINT `messages_ibfk_1` FOREIGN KEY (`from_user_id`) REFERENCES `profiles` (`user_id`),
  CONSTRAINT `messages_ibfk_2` FOREIGN KEY (`to_user_id`) REFERENCES `profiles` (`user_id`)
) ENGINE=InnoDB AUTO_INCREMENT=101 DEFAULT CHARSET=utf8 COLLATE=utf8_unicode_ci;

INSERT INTO `messages` VALUES ('1','41','98','Voluptatibus ullam aperiam possimus mollitia tempora. Tempora eos est laborum nobis. Eum sed omnis aut tempora placeat vitae. Veritatis ut non quam sed fugiat rerum non.','1','2016-08-15 19:00:10'),
('2','52','18','Voluptatem in dolorem aut et in nam labore. Possimus maiores et perferendis quaerat voluptatem consequatur dolorum. Sint et rerum qui.','1','1994-12-25 09:16:12'),
('3','60','65','Soluta totam aut vel quasi voluptates id aliquid. Repellat et debitis et soluta sed. Omnis ex harum eos explicabo iusto libero.','0','1997-12-12 19:59:56'),
('4','89','52','Eos enim nobis quia error perspiciatis. Aliquam adipisci fugiat vitae id. Nemo ut non sunt tempore vel rem omnis.','1','2008-01-16 01:06:46'),
('5','20','47','Voluptatem beatae quibusdam sapiente corporis. Optio dolore qui perferendis qui consequuntur. Delectus qui unde tempora necessitatibus.','0','2018-10-31 07:12:35'),
('6','77','2','Necessitatibus aperiam ea voluptatibus dolore exercitationem debitis soluta officiis. Et sapiente distinctio praesentium repellendus consequatur doloremque iste. Nam qui debitis accusantium omnis iure.','1','1973-02-22 11:56:19'),
('7','96','74','Explicabo voluptas omnis facere delectus eligendi consequuntur quia. Excepturi eum deserunt libero voluptas omnis perspiciatis.','1','1974-09-03 12:28:34'),
('8','66','21','Et consequatur nisi aut porro dignissimos eligendi. Et ut quam magni fuga error aliquid esse. Nostrum labore tempora dolorem et enim voluptas. Repudiandae aut quaerat sit labore.','0','1986-08-04 08:36:07'),
('9','55','44','Omnis earum qui aperiam quidem voluptatem earum. Minus ullam omnis sit expedita. Et debitis voluptatibus sunt consequuntur voluptas distinctio sapiente. Amet quidem aperiam aut repellat ullam aliquid.','0','1973-08-03 09:46:51'),
('10','17','77','Nesciunt assumenda et error atque. Repellendus laboriosam dolor voluptatem qui illo. Voluptatem dolor fugit delectus maxime velit voluptas vero consequatur. Ipsam delectus at velit totam reprehenderit.','0','2003-04-16 20:45:03'),
('11','91','60','Ex ea aut voluptatibus cupiditate. Libero omnis qui autem.','1','2012-08-05 21:35:27'),
('12','17','63','Unde laboriosam veritatis et rerum beatae minus error. Culpa temporibus dolores voluptas dicta. Qui qui vel est dolorum voluptas omnis aperiam at. Modi similique nesciunt deserunt natus vel esse. Magni corrupti ut nobis odio aut id sunt.','0','1993-04-22 02:09:31'),
('13','5','44','Adipisci assumenda qui in expedita voluptas. Totam eos sed vitae quas amet. Sed dolor alias tempora.','0','1986-03-19 14:11:30'),
('14','57','59','Et consequatur et distinctio culpa impedit. Dolorum qui et corporis dolorum fuga voluptate consequatur. Eum enim voluptatem sequi ut. Rerum voluptate et voluptates voluptatibus nostrum. Ea unde nisi sequi vel optio labore sint.','1','1988-04-23 05:50:11'),
('15','92','85','Blanditiis sed in omnis molestiae. Non voluptatum minus maxime. Possimus quos quidem minus quis neque soluta quia ipsa. Omnis sint necessitatibus ad qui recusandae officia dolorem.','0','1985-10-24 16:33:42'),
('16','84','32','Nihil neque voluptas voluptas qui sint modi illo voluptas. Laborum est deserunt maxime est sit nam debitis. Corporis qui minus quam molestiae sunt cupiditate eos. Odio sit blanditiis eaque alias.','0','2008-01-31 13:26:41'),
('17','83','36','Consequuntur culpa corporis qui. Porro sit cumque veritatis. Magni quia enim quod voluptatibus quos. Aut aut fugit velit omnis.','0','1996-03-12 06:50:46'),
('18','50','42','Sed assumenda dolores optio assumenda dolores. Aut nihil facere quam rerum.','1','1975-11-05 15:46:50'),
('19','100','38','In at minus unde nisi debitis. Unde et omnis nam accusamus nobis et et. Est sunt id commodi natus qui quis harum.','1','2001-03-16 14:41:13'),
('20','94','19','Nihil soluta qui saepe incidunt id quos. Culpa minima at magni vero est tempore eos. Temporibus et minus quia dicta. Quidem enim quis architecto harum consequatur. Architecto saepe placeat aut exercitationem amet itaque.','0','1995-06-24 19:57:40'),
('21','85','71','Aut tempore minus quod iusto mollitia. Fugiat tempore voluptate provident ut dolorem sequi. Aut error deserunt sed corrupti minima repellendus tenetur. Autem cum debitis excepturi nesciunt. Quo minus rem perferendis.','1','1982-05-03 06:11:24'),
('22','21','81','Mollitia ipsam molestias vero nobis. Aut ea omnis libero officiis repellat et asperiores voluptatem. Ducimus rem nihil cupiditate ex consectetur possimus aut.','0','1985-11-12 14:46:48'),
('23','45','86','Voluptatibus earum et impedit ut et corporis omnis. Eos sed eligendi et ipsam veritatis eum. Quibusdam ut cum iste doloremque et.','1','1980-08-03 10:11:47'),
('24','1','99','Occaecati excepturi et voluptatum quaerat qui sequi consequatur. Reiciendis et ullam provident praesentium quis debitis. Mollitia et unde commodi debitis aspernatur suscipit soluta ullam.','1','2014-07-29 10:51:31'),
('25','29','18','Et ab beatae officia eligendi ullam est. Aut in dicta sunt ea quibusdam. Molestiae corporis quis qui nesciunt et architecto. Et rerum sed suscipit eum qui.','1','1977-09-24 14:14:28'),
('26','76','19','Consequuntur molestiae qui eveniet qui dolor. Vel sed voluptatem dignissimos voluptas modi sed. Quia voluptatibus sunt distinctio eveniet harum modi occaecati perspiciatis.','0','1999-09-28 19:09:43'),
('27','77','92','Rerum aut rem qui esse expedita et minus temporibus. Autem blanditiis aut laboriosam aliquid rem quidem dolores. Atque dolores consectetur harum ut. Repellat dolore vel et a.','0','1980-10-21 18:57:08'),
('28','82','82','In quae aut facilis dolor. Minus quidem suscipit voluptatem nihil libero.','0','2011-09-16 19:34:06'),
('29','36','39','Ut magnam rerum corporis laborum. Officiis vel dolores qui aspernatur sequi. Eligendi qui et quia reiciendis.','1','1986-02-05 13:22:50'),
('30','40','27','Nobis error laborum incidunt autem veritatis. Adipisci aut eos ut et qui. Voluptatem cupiditate in ducimus placeat. Tenetur dicta optio saepe a dolor beatae velit minus.','0','2011-04-06 19:16:23'),
('31','23','23','Laborum sit laboriosam mollitia optio assumenda ad dolorum. Cumque ut ut possimus esse quibusdam asperiores. Facere blanditiis sunt occaecati inventore dolores enim.','1','1994-12-18 13:24:47'),
('32','59','6','Ab quasi commodi non aliquid quas. Necessitatibus accusamus ad possimus molestias. Natus consequuntur error aut atque tempore velit consequatur. Voluptas adipisci vel repellat delectus qui quas. Eum recusandae accusantium minima.','1','1987-01-13 04:35:38'),
('33','59','8','Et molestias et laudantium occaecati quae enim. Sed officia libero iusto aut sed eveniet facere officiis. Voluptatem voluptates optio et inventore aut et dolor.','0','1976-09-02 02:59:45'),
('34','48','58','Dicta similique aperiam nostrum voluptas. Est aut quasi soluta et. Voluptatibus doloremque autem accusamus qui dolorem corrupti in nostrum. Iure et quaerat eos eum voluptates adipisci.','0','2017-10-08 20:17:29'),
('35','46','42','Aliquid quia ipsam et. Soluta est officiis aperiam esse rerum. Ipsa nihil maiores voluptatibus dolorem maxime. Laborum excepturi aspernatur expedita blanditiis maxime et molestiae.','1','2013-12-28 19:21:52'),
('36','77','30','Eveniet ipsa aperiam et ut ea. Est ex tempore totam aperiam. Non accusamus inventore tempore. Et reprehenderit voluptas esse porro qui.','0','2018-11-07 02:23:47'),
('37','12','98','Voluptatem sit id consectetur assumenda unde. Odio aut vero illo ut illum qui quaerat et. Vel provident qui dolore id. Et suscipit enim sunt quis. Sunt occaecati nisi et.','1','1998-12-08 16:23:11'),
('38','11','57','Illum reprehenderit id saepe omnis sed cumque animi. Mollitia magni dolor voluptatem quas veritatis optio officia. Sunt consequatur ipsam in ullam sunt sed nesciunt.','0','1997-05-21 13:11:51'),
('39','83','12','Neque ipsa minima est iusto fugiat accusantium nihil. Molestiae provident deleniti omnis. Occaecati voluptas sint autem id sit maxime alias facere.','1','1970-12-13 07:10:31'),
('40','56','12','Expedita mollitia sint aliquid molestiae dolores cumque similique. Eum cum illo nisi voluptate repudiandae aut. Qui vitae corporis quisquam aut impedit. Impedit iste unde occaecati alias optio atque placeat.','1','2020-08-16 01:31:54'),
('41','29','31','Dignissimos doloribus expedita amet error. Magni necessitatibus veritatis adipisci aliquam vitae omnis. Cumque ea assumenda quisquam soluta beatae autem sit.','0','2013-02-27 21:51:42'),
('42','31','6','Excepturi vero et rerum doloribus voluptatibus. Omnis voluptas voluptates amet molestiae iure maxime non. Nemo officia aut aut neque minus consequatur mollitia dignissimos. In sapiente illum expedita dolore totam quaerat ut aut.','0','1988-07-27 21:46:53'),
('43','23','12','Natus minima consequatur iure aut excepturi nisi eos. Dolorem dicta numquam velit eos. Fugit aut occaecati ut quae. Voluptas reiciendis unde quas consectetur. Et consequatur soluta nisi id.','1','1989-09-25 19:48:06'),
('44','87','58','Qui totam vel dignissimos dolor officiis accusantium voluptates laudantium. Voluptatem cumque atque quia deleniti minus et porro atque. Dolorum quod ea non eligendi minus.','1','1985-03-13 15:24:26'),
('45','50','27','Alias ducimus reprehenderit a illum debitis aut dolorem. Sit id et autem ipsam hic sapiente fugit. Et expedita nisi vitae perferendis.','0','2003-01-26 17:56:06'),
('46','85','73','Similique ex est libero voluptas. Veritatis amet aut et quis rerum quod. Quae fuga et repellendus et rerum sunt.','0','2012-04-16 09:24:41'),
('47','50','43','Odio ex qui consequatur occaecati unde beatae. Quo dignissimos veniam ut. Porro voluptatem aspernatur animi voluptatem aut exercitationem. Aliquid dolorem et odio ipsam et et.','1','2012-08-10 01:57:30'),
('48','79','8','Repudiandae sunt eum ipsa eos sunt. Minima minus ducimus porro nihil unde ullam. Veritatis rem sunt rerum accusamus rem.','0','2017-07-18 16:38:27'),
('49','51','27','Dignissimos delectus accusantium ipsa omnis et tempore neque. Laudantium voluptatem qui quae accusamus dolore ipsam. Minus repellendus aut totam sint officiis ab. Voluptatem hic et dolorem delectus ab.','0','1987-05-23 22:36:24'),
('50','66','96','Eveniet reprehenderit cumque repellat odio. Quos nihil odit debitis aut eos. Ut fugit id voluptas facere quis nostrum. Laboriosam dicta nam est voluptatum sint exercitationem porro itaque.','0','1972-12-07 08:55:28'),
('51','68','42','Vel qui sed dolore non sit consequatur. Corrupti dolore nobis quo doloremque. Omnis perferendis culpa id neque explicabo quod nemo.','1','1985-07-04 06:23:44'),
('52','26','80','Odit sed aliquid incidunt sed a ullam architecto. Sint doloremque consequatur officia.','0','1972-04-25 05:05:35'),
('53','40','36','Ipsa magni natus quia expedita magnam quia voluptas. Vel voluptatum cupiditate quasi non porro nam. Reiciendis aut rerum omnis corporis et.','0','2011-07-05 23:10:11'),
('54','36','22','Totam suscipit qui sed reiciendis eum quis et expedita. Ratione quam et ut.','0','1989-08-26 17:51:25'),
('55','47','91','Qui repellat quis alias doloremque veritatis. Non sed cum facere quia. Dolor nisi aut quas adipisci possimus. Porro sit id explicabo atque quas accusamus.','1','1976-02-02 03:31:12'),
('56','34','75','Facere similique inventore quo iure distinctio sit. Et consequuntur error error et. Consectetur ipsam dignissimos ipsum porro. Quidem animi molestiae consequatur ipsum autem asperiores eum et.','1','2008-06-02 11:21:22'),
('57','22','64','Officiis enim accusantium minus debitis earum provident. Maxime labore tempore dolorum neque ut provident rem. Excepturi illum odit ut iure eveniet.','1','1985-01-11 22:46:28'),
('58','81','44','Repudiandae facere voluptatem dolorem ex sequi quasi voluptatibus id. Accusantium non inventore facere. Asperiores commodi consequatur facere quo. Cum cupiditate nihil aut impedit dolor labore modi.','1','2000-08-27 13:31:40'),
('59','76','67','Consequuntur sapiente quis voluptas doloribus. Quae cum et aut pariatur quas et perspiciatis. Laboriosam id voluptates officia possimus sunt. Id qui quae ea.','1','2007-06-29 02:32:23'),
('60','2','25','Sit quaerat est maiores perspiciatis. Vitae tempora et sapiente perferendis alias ea sequi. Molestiae et unde pariatur odit beatae sed est.','1','1993-11-25 06:37:07'),
('61','93','86','Est non fugiat culpa maiores eum sit corporis non. Sed earum beatae consequatur aliquid. Officiis hic accusamus illo amet ipsam molestiae. Commodi dolorum corrupti expedita cum itaque delectus sit.','1','1972-11-07 19:57:14'),
('62','98','42','Expedita sunt sed illum a. Repellat suscipit optio sunt expedita quo tenetur facere. Incidunt tempore id laborum est culpa.','1','1976-05-20 02:37:23'),
('63','29','77','Quis eius ut ipsam sunt fugiat fuga. Dolorum occaecati voluptatem consequuntur deserunt libero ipsam consequatur. Voluptas nesciunt quo officia voluptatem laudantium qui nihil ducimus.','0','1987-03-09 22:48:53'),
('64','50','79','Totam natus praesentium repellat maxime repellat. Magni ut velit voluptatem. Et ut sed dolor eaque ab eaque repudiandae.','0','2012-04-03 00:57:11'),
('65','3','15','Pariatur consectetur distinctio mollitia minima occaecati molestias ipsum. Nihil voluptatem et autem. Et qui natus modi cumque in at. Blanditiis totam dolor quos aut eius et.','0','1984-03-23 13:04:34'),
('66','74','70','Molestias inventore eius dicta magnam. Ut cumque earum delectus et. Aspernatur cum qui atque perspiciatis ab cupiditate. Similique omnis ipsum ipsam at autem iusto dolor sed.','1','1986-10-24 10:43:59'),
('67','57','99','Aut qui similique aut libero ea. Deserunt ipsam voluptate id esse facilis tenetur. Ullam neque aut et.','0','1999-07-01 21:55:29'),
('68','49','96','Provident voluptas ipsa quia saepe assumenda ad at. Voluptas voluptatum incidunt voluptatem voluptatum non qui autem. Sed accusamus beatae quia. Animi temporibus quis modi labore dolorem.','1','1974-03-08 08:21:57'),
('69','34','85','Aspernatur dolor eveniet quod fuga fuga aliquid. Saepe commodi quod voluptatum dolor perspiciatis non aut odio. Reprehenderit in non repudiandae maiores.','0','1975-12-21 20:32:33'),
('70','18','81','Nisi earum neque dicta dolores expedita inventore est. Aspernatur architecto aut voluptatem ducimus cumque in quos. Suscipit eveniet sunt molestias voluptas. Aliquam fugit enim amet qui.','0','1981-05-01 13:07:16'),
('71','76','51','Id minima quis suscipit minus. Cumque sunt aut neque error sint. Omnis perspiciatis consectetur veniam quos molestias vero.','0','1989-05-14 11:10:09'),
('72','56','97','Illo est repellat ipsum ad ipsum accusamus. Repellat a ut placeat repellat et dolorem voluptates. Explicabo tenetur quae voluptatem laborum dolore veniam quae. Officiis quis vel ex neque eos doloremque.','0','2001-01-17 15:50:36'),
('73','15','36','Repellendus rem veritatis quo cum ut quia rerum. Error pariatur quis quae accusantium sint repudiandae et. Recusandae alias eveniet molestias aut consequatur. Et porro impedit asperiores molestias eos.','1','2015-09-11 14:07:06'),
('74','41','90','Suscipit placeat officiis fugiat non ratione dolores. Omnis dolorem ad numquam voluptas eum quia. Ad adipisci et vitae temporibus ipsa atque reiciendis qui.','1','1972-02-28 21:54:27'),
('75','2','43','Sit perferendis voluptas facere. Deserunt nostrum nulla quae voluptatem voluptatem aliquid ut. Vel sint sit sed deleniti qui distinctio.','0','2011-03-04 21:01:53'),
('76','15','95','Necessitatibus aliquam eos temporibus illo. Minima sint ea necessitatibus molestiae doloremque dolor. Ad ullam qui eum. Repellendus nesciunt dolores officia excepturi id reiciendis cupiditate.','0','2020-08-23 20:37:17'),
('77','28','13','Possimus id dolorem possimus quis. Quis porro dolorum autem in. Sit harum qui aliquid illum enim. Voluptas voluptas magnam omnis inventore est.','1','1997-12-01 22:43:35'),
('78','37','57','Ut odit veritatis omnis. Nobis consequatur est deserunt ipsam fuga quia. Dolorem omnis quasi quam vel aut voluptatem et. Et velit dignissimos quo quo quia praesentium corporis.','0','1970-10-21 15:53:59'),
('79','89','86','Quia reprehenderit iure et et enim. Autem exercitationem est maxime labore sed et dolorem. Reprehenderit magnam id quo repellendus autem est minima.','1','1971-10-03 12:04:27'),
('80','35','91','Ipsa numquam qui ea tenetur tempore. Et commodi quis cum. Dignissimos ut nam voluptatibus est officiis quas non autem. Omnis ullam veniam minus sunt.','0','2007-07-08 08:27:18'),
('81','1','9','Ex odit quos incidunt aut perferendis dolor. Eius numquam recusandae est quam debitis voluptatum ut. Ipsum ratione ullam ut ut amet aut facere.','1','2018-09-15 06:05:40'),
('82','61','57','Et adipisci sint praesentium blanditiis fugiat perspiciatis et. Enim tempore dolor ullam. Perspiciatis et debitis aut. Quia magni corrupti optio officiis molestiae quo recusandae sit.','1','2020-07-05 19:00:37'),
('83','8','10','Ab ut aliquid voluptates dolorem. Neque aliquid quibusdam vero cum cupiditate blanditiis recusandae minima. Voluptas accusamus accusamus necessitatibus et autem.','1','2002-05-24 16:52:26'),
('84','53','41','Neque qui nihil sit alias. Autem dolorem aut quos vel. Est sint qui ut dicta.','1','1994-09-28 20:47:28'),
('85','94','70','Illo labore consectetur voluptas quas quam. Ratione deserunt sit optio distinctio. Deserunt at quae laboriosam perspiciatis velit iure. Incidunt ut quo dolorem nam deleniti.','1','1990-03-15 11:16:43'),
('86','22','69','Veniam quisquam iste voluptatibus nesciunt error dolor. In vel aspernatur numquam commodi voluptatem iusto voluptatem. Quia magnam cumque qui rem molestias amet debitis. Dolor quia vel atque reprehenderit eos vero rerum unde.','0','1976-09-21 05:50:25'),
('87','21','77','Molestias similique rem quisquam voluptatum. Dolorum eaque est tempora molestiae. Fuga temporibus voluptas dolorem quia ea.','0','1985-07-22 15:29:11'),
('88','66','36','Explicabo optio minima fuga labore. Dolore nihil quia aliquam repellat reiciendis qui. Laborum voluptate enim earum aut.','0','1991-11-17 16:14:44'),
('89','12','6','Rerum delectus sed ut saepe quasi consequatur aut. Ea saepe doloribus similique nobis repudiandae aut.','0','1973-05-23 01:08:34'),
('90','26','14','Quae voluptas nulla distinctio atque ad. Consectetur dolores sit dolorem laborum eius neque delectus ea. Nostrum dolorem velit numquam dolor voluptatem accusantium exercitationem.','1','1989-08-22 06:37:17'),
('91','48','40','Ut quia et temporibus quisquam impedit laborum. Expedita perspiciatis ipsa eius cum. Corporis cumque at molestiae voluptas adipisci nisi nihil praesentium.','1','1992-08-03 10:39:58'),
('92','8','76','Quia ut corrupti mollitia ea quasi et est sequi. Facilis veritatis assumenda temporibus corporis quibusdam nulla. Et velit at dignissimos deserunt eum aperiam. Ducimus blanditiis similique esse accusamus mollitia officia. Eos officiis at iste consectetur.','0','1991-06-28 16:02:58'),
('93','52','45','Accusantium hic ratione velit id voluptatem nostrum ducimus. Non ea quia eum rerum id repellat qui. Et non distinctio odio.','1','1976-05-03 20:13:01'),
('94','33','41','Enim doloribus modi quis et aspernatur est. Omnis non quia tempora necessitatibus itaque soluta. Unde expedita reiciendis rem expedita assumenda aut.','1','1990-08-29 02:13:33'),
('95','30','67','Molestias illo rem tempora ducimus. Dignissimos et cumque ut iusto possimus sit vel. Laboriosam architecto omnis non porro exercitationem sint. Deserunt ducimus quisquam sit voluptatem.','1','2018-12-11 15:20:20'),
('96','32','31','Voluptatem dolores perferendis modi eveniet. Iure sapiente suscipit debitis dolorem dicta officiis consequatur. Aut et repellendus est vero voluptatum rerum.','1','2012-08-21 18:57:56'),
('97','75','93','Pariatur quasi aut dolores quam. Enim cumque voluptatem neque sed. Quasi ea in velit quia sit iusto soluta. Sit aliquid similique laborum libero.','1','2003-11-10 22:54:56'),
('98','87','82','Facere vel velit delectus modi quas debitis. Velit nihil molestiae optio voluptatum. Magnam quae ut fuga omnis a eveniet.','1','1989-10-05 00:53:50'),
('99','2','40','Fugiat quia aut consequuntur incidunt odit. Molestias beatae minus amet magni. Sit voluptatem non voluptas sit repellendus nisi. Et ratione at quaerat vel sed id.','0','2010-10-10 21:05:33'),
('100','23','96','Laborum minima earum quo. Et possimus sint quo quo.','1','1984-05-15 00:16:11'); 


DROP TABLE IF EXISTS `photos`;
CREATE TABLE `photos` (
  `id` bigint(20) unsigned NOT NULL AUTO_INCREMENT,
  `file` varchar(255) COLLATE utf8_unicode_ci DEFAULT NULL,
  `user_id` bigint(20) unsigned NOT NULL,
  `description` text COLLATE utf8_unicode_ci DEFAULT NULL,
  `created_at` datetime DEFAULT current_timestamp(),
  `updated_at` datetime DEFAULT current_timestamp() ON UPDATE current_timestamp(),
  PRIMARY KEY (`id`),
  KEY `user_id` (`user_id`),
  CONSTRAINT `photos_ibfk_1` FOREIGN KEY (`user_id`) REFERENCES `profiles` (`user_id`)
) ENGINE=InnoDB AUTO_INCREMENT=101 DEFAULT CHARSET=utf8 COLLATE=utf8_unicode_ci;

INSERT INTO `photos` VALUES ('1','http://lorempixel.com/640/480/','45','Sed ex aut velit dolore quibusdam minima. Nihil et corporis qui qui omnis. Ratione magni possimus unde quas consectetur laborum.','1980-11-28 11:42:01','1979-10-15 22:06:36'),
('2','http://lorempixel.com/640/480/','32','Architecto inventore aliquid voluptas sit qui. Autem dolore qui ratione consequatur. Vero est omnis praesentium deserunt.','1971-10-05 07:58:18','2017-04-18 15:51:57'),
('3','http://lorempixel.com/640/480/','56','Maxime aut provident ea eos. Ut consequatur veniam voluptas architecto. Qui adipisci ea non voluptas.','2019-05-19 17:51:14','1994-08-23 09:58:02'),
('4','http://lorempixel.com/640/480/','64','Aut dolor autem dolores eligendi. Vitae voluptatum ad natus dolorum recusandae. Nesciunt possimus quis maxime accusantium.','2010-05-01 02:45:36','2006-10-22 22:50:16'),
('5','http://lorempixel.com/640/480/','46','Tenetur libero quod minus sunt. Repellendus quae aut quia dolores perspiciatis ex nostrum omnis.','1983-04-23 10:29:32','1972-10-13 11:10:40'),
('6','http://lorempixel.com/640/480/','68','Est ea laboriosam atque ea quia. Et aliquam rerum facilis placeat sed eveniet. Laboriosam quos quae minus ex sed corrupti aliquam.','2010-05-03 15:54:22','2015-01-09 12:12:14'),
('7','http://lorempixel.com/640/480/','7','Tempore cum expedita reiciendis dolores illum qui. Sit possimus molestiae omnis assumenda nisi ipsa. Quasi officia excepturi sit aliquid. Reprehenderit natus itaque itaque alias quis.','2012-01-31 18:39:19','2015-09-28 16:54:26'),
('8','http://lorempixel.com/640/480/','17','Rerum veniam aut temporibus eum. Explicabo quod quam aspernatur necessitatibus magni beatae.','1992-08-06 06:27:54','2012-12-20 05:49:53'),
('9','http://lorempixel.com/640/480/','45','Voluptas quidem minima aut fugit molestias rerum nisi. Qui quia enim tempore expedita voluptatem et odit. Quae et possimus excepturi harum eligendi sunt.','2017-01-08 07:02:57','2016-10-27 04:10:15'),
('10','http://lorempixel.com/640/480/','40','Doloribus quia perferendis quo velit suscipit rerum error. Quia magnam libero unde maiores. Sunt amet quas nulla voluptatem. Similique rem modi tempora suscipit ut ratione.','2005-05-21 15:34:30','1974-04-07 18:34:46'),
('11','http://lorempixel.com/640/480/','28','Nihil alias nostrum minus. Consequuntur commodi exercitationem culpa tempora sunt rem eveniet. Ipsam veniam eos velit ad sit voluptas. Tempora labore aut molestiae.','2019-06-17 22:00:02','2017-12-27 04:42:52'),
('12','http://lorempixel.com/640/480/','74','Quas molestiae iure magnam officiis cumque. Quia doloremque rerum aliquam aspernatur ex. Et asperiores et adipisci recusandae.','1978-02-23 17:39:22','1986-05-08 02:18:10'),
('13','http://lorempixel.com/640/480/','13','Neque optio quae quo voluptatem omnis ut et. Nihil et nemo voluptas neque veritatis numquam nesciunt. Dicta sit nemo adipisci saepe. Est delectus et ratione est et.','1973-04-23 14:05:38','1980-04-15 01:33:17'),
('14','http://lorempixel.com/640/480/','99','Veniam saepe illo qui facere quia repellat ab. Totam blanditiis ut veniam. Suscipit nam voluptatem ex sit.','2004-10-08 01:54:17','1980-03-25 18:34:14'),
('15','http://lorempixel.com/640/480/','44','Voluptatem recusandae voluptates aliquid explicabo. Nihil molestias ut quasi optio. Iste et in aspernatur nihil ut. Reiciendis dolor omnis omnis.','1985-12-24 18:21:02','1988-04-11 18:36:12'),
('16','http://lorempixel.com/640/480/','38','Laboriosam qui voluptatem corporis omnis aperiam dignissimos. Et debitis sint ex. Ex illum et fugiat facilis ut dolorum. Dolorem et in illum in rerum. Quibusdam modi perferendis illo laborum.','2020-02-01 16:51:40','1990-04-11 11:36:37'),
('17','http://lorempixel.com/640/480/','78','Dicta animi omnis adipisci rerum vitae. Quis itaque voluptas magni facere voluptatem culpa temporibus. Fugiat quo sequi est laudantium facere blanditiis ut. Omnis dolorum sed soluta enim est ut aut mollitia.','2014-12-24 18:10:05','1978-05-19 01:22:41'),
('18','http://lorempixel.com/640/480/','43','Autem quidem est et cumque voluptatem suscipit et laborum. Necessitatibus quisquam excepturi ipsum quia magni ut dolores. Libero omnis eveniet sed quasi cumque laudantium.','2005-09-21 13:33:12','1995-03-10 09:37:08'),
('19','http://lorempixel.com/640/480/','34','Voluptates nulla tempore harum et totam qui. Aperiam magnam aliquam quia et ut modi necessitatibus. Harum harum ad quidem sint excepturi et perferendis. Soluta nam eum id repellat et provident.','1972-03-01 04:56:49','2005-08-26 23:31:55'),
('20','http://lorempixel.com/640/480/','88','Laboriosam qui porro et a sunt deleniti reiciendis qui. Aperiam pariatur itaque sequi voluptas ratione quis odio. Impedit labore nihil non molestiae perferendis sed est.','2016-03-01 00:03:52','2018-03-15 06:55:28'),
('21','http://lorempixel.com/640/480/','59','Dicta aut sed iusto natus nisi laborum. Deserunt id placeat voluptates qui ducimus ut. Deleniti recusandae ex dolores magni pariatur ad. Consectetur voluptatem necessitatibus laboriosam commodi expedita culpa illo.','1984-09-27 09:57:43','2019-07-01 10:25:48'),
('22','http://lorempixel.com/640/480/','37','Nulla et commodi occaecati ipsum. In dignissimos sapiente eius facere mollitia. Corporis et quia quia quidem natus doloribus. In velit voluptatem impedit voluptatum rerum.','2003-05-09 02:46:58','1981-07-08 04:11:46'),
('23','http://lorempixel.com/640/480/','31','Vitae dolor minus at voluptatum suscipit cupiditate nihil. Occaecati facere qui blanditiis in provident. Consequatur non in et soluta eum nihil. Et quam natus qui et ut ducimus quas.','1976-08-11 07:36:02','2014-02-13 04:30:37'),
('24','http://lorempixel.com/640/480/','25','Inventore quia voluptas et dolorem mollitia. Voluptas non suscipit et sed dolore. Assumenda omnis magni pariatur adipisci consequatur ea. Voluptatem minus sed esse.','2004-05-10 10:40:30','1970-06-20 22:56:06'),
('25','http://lorempixel.com/640/480/','87','Alias perferendis vel unde facilis culpa voluptatibus. Harum voluptatem expedita temporibus et autem qui.','2017-09-26 23:08:40','1971-10-13 12:44:04'),
('26','http://lorempixel.com/640/480/','26','Aut voluptate ex ut tenetur. Non qui provident corporis velit unde.','1996-06-24 02:01:19','2010-03-05 02:04:16'),
('27','http://lorempixel.com/640/480/','13','Officia asperiores cum culpa repellendus perferendis non odit. Sunt aliquam mollitia vero est eaque. Laborum commodi minima explicabo quis dicta laudantium illum.','1997-09-19 11:50:14','1998-12-20 05:17:57'),
('28','http://lorempixel.com/640/480/','49','Sit nostrum provident quis sunt minima. Ut vero eveniet tenetur officiis. Voluptas non incidunt autem reiciendis quos tenetur ut. Vitae quia sed aut ullam eum illo repellendus optio.','1982-06-01 20:10:27','2003-01-02 14:34:33'),
('29','http://lorempixel.com/640/480/','9','Itaque sit voluptatem dolorum est aspernatur nisi. Eum maiores laudantium veritatis temporibus vel qui earum. Eaque velit quis ut ut minima quo itaque molestiae. Minima cupiditate necessitatibus in ut.','1985-04-16 11:55:11','2011-09-04 03:14:30'),
('30','http://lorempixel.com/640/480/','42','Fuga omnis quia ab ut hic. Eveniet veritatis aut deserunt exercitationem sit animi. Consequatur dolorem quia ut eos perferendis. Provident quisquam sit rerum rerum dolorem dolor deserunt consequuntur.','2016-09-24 07:11:02','1991-10-01 06:19:51'),
('31','http://lorempixel.com/640/480/','98','Unde laudantium vero quia. Quia est iure occaecati. Eos quia nisi labore iure culpa repellat. Alias autem nihil voluptatibus.','1986-03-08 23:08:26','1998-11-21 22:10:41'),
('32','http://lorempixel.com/640/480/','53','Aliquid a minus voluptatem sit placeat eum rerum suscipit. Autem eos consequatur non. Omnis sed laborum dolor molestiae.','1974-06-21 03:08:21','1978-04-17 12:22:23'),
('33','http://lorempixel.com/640/480/','74','Accusamus provident inventore dolores saepe. Et qui corporis impedit ipsum velit hic qui.','1987-11-13 09:19:15','1971-03-31 23:17:19'),
('34','http://lorempixel.com/640/480/','53','Temporibus vel quia consectetur molestiae quod laudantium ea. Ut tenetur nemo et ex. Fugiat minima neque qui in rem quis dolores.','2003-03-07 18:23:43','1974-08-26 22:02:16'),
('35','http://lorempixel.com/640/480/','16','Eos consequatur repellat error dolore. Aut repellat fuga sint sint cupiditate. Numquam est nemo aspernatur autem.','2003-01-22 02:41:15','2013-08-04 16:05:11'),
('36','http://lorempixel.com/640/480/','20','Et ducimus voluptatem molestiae non excepturi. Quibusdam qui excepturi quia explicabo id aperiam fuga. Dolor cupiditate inventore ipsa quibusdam et in dignissimos.','1976-06-20 22:40:47','1993-08-27 11:03:23'),
('37','http://lorempixel.com/640/480/','21','Distinctio consequatur omnis ab rem. Et quis eius possimus. Est recusandae aut ipsum fuga soluta.','1993-12-25 09:18:27','2010-01-15 17:53:15'),
('38','http://lorempixel.com/640/480/','23','Eum debitis eligendi cum nihil. Culpa quia eos et quia. Magnam maiores neque harum iste cum ut eos.','1999-11-05 20:14:40','1991-11-30 04:49:16'),
('39','http://lorempixel.com/640/480/','37','Facere culpa sequi voluptatum aut fugit non explicabo dolorum. Officiis ut odit animi facilis provident consectetur aut a. Quisquam qui temporibus rerum sed in sunt quia.','2018-03-09 14:44:13','1990-09-29 08:27:32'),
('40','http://lorempixel.com/640/480/','65','Quas tempora et aut voluptas neque. Delectus ipsa quos amet deleniti. Iusto fugit accusantium aut sed aspernatur dolorem.','2008-01-11 15:30:32','2013-12-20 10:29:28'),
('41','http://lorempixel.com/640/480/','62','Quos veniam voluptas facere labore eos debitis. Et officiis autem sit amet. Fugiat qui praesentium labore corrupti. Autem ipsa necessitatibus sapiente nihil laudantium qui non consequuntur.','2005-03-01 05:45:06','1995-04-21 13:40:57'),
('42','http://lorempixel.com/640/480/','64','Perferendis non perspiciatis necessitatibus blanditiis sunt ullam quasi. Dicta quam deleniti a quisquam. Reprehenderit reprehenderit ut quam qui consequatur dolores.','2013-07-01 19:55:07','2002-02-17 23:20:27'),
('43','http://lorempixel.com/640/480/','39','Minima molestiae blanditiis animi. Esse possimus est autem hic debitis. Id eaque consequatur aperiam quaerat eligendi necessitatibus voluptates.','2012-01-13 05:19:20','2008-04-25 14:44:09'),
('44','http://lorempixel.com/640/480/','75','Modi sunt eaque veniam odio qui cum quia. Nobis accusamus vel eius adipisci tempora voluptatem molestiae dolores. Atque distinctio et cupiditate sint. Quo aperiam dolor laborum.','1999-10-05 00:22:11','1977-12-24 17:48:06'),
('45','http://lorempixel.com/640/480/','62','Esse rerum eum totam aliquid. Explicabo suscipit aut molestias non provident. Corrupti sunt ut eum et corporis quam cupiditate.','2019-03-29 04:25:24','2007-09-22 05:32:04'),
('46','http://lorempixel.com/640/480/','83','Praesentium dolores quam non saepe rerum id aut. Nostrum incidunt laborum consectetur voluptas placeat laborum et. Sunt vel dignissimos praesentium dolor provident voluptatibus excepturi.','2001-06-06 15:14:11','2005-07-15 10:21:30'),
('47','http://lorempixel.com/640/480/','12','Iste quia facere sit voluptatem. Itaque sit maxime neque perferendis hic. Amet repellat voluptates occaecati. Vel sequi ducimus fuga qui.','1987-10-08 08:15:07','2006-07-25 18:26:08'),
('48','http://lorempixel.com/640/480/','40','Nam quos optio laborum sed. Voluptate ut a ex aliquam. Sed dicta sapiente aliquid blanditiis voluptate itaque sit. Laudantium repellat nesciunt esse expedita.','1992-02-03 22:38:29','1983-06-24 23:20:37'),
('49','http://lorempixel.com/640/480/','25','Aliquid expedita vel laborum ab officia vero consequatur. Corporis aut quos enim.','2017-11-05 11:24:22','2018-05-05 16:50:20'),
('50','http://lorempixel.com/640/480/','45','Animi porro cupiditate esse sit. Facilis molestiae porro porro quis perferendis. Ut tempora veniam expedita doloribus.','1970-12-18 09:02:28','1991-10-25 16:26:21'),
('51','http://lorempixel.com/640/480/','28','Quis perferendis voluptatem officia enim. Dolor dolore qui qui impedit doloribus. Iure suscipit perspiciatis accusantium repellendus porro. Et quis fuga soluta fuga eum omnis repellendus.','1970-12-23 22:26:15','1971-11-21 20:42:47'),
('52','http://lorempixel.com/640/480/','84','Nisi quia ex est voluptatem. Ut ut dignissimos doloribus minima odio facilis.','1980-11-06 05:56:02','1971-11-06 03:54:35'),
('53','http://lorempixel.com/640/480/','82','Soluta ab fugit perspiciatis error aperiam amet. Est est nemo odio incidunt. Consectetur nesciunt doloribus porro ex quae est molestiae et.','1982-11-25 03:57:05','2020-03-18 03:23:36'),
('54','http://lorempixel.com/640/480/','58','Omnis nisi nemo in eos soluta ducimus perferendis. Odio doloremque maiores eum ipsa.','2017-11-23 08:58:09','1999-02-28 11:56:34'),
('55','http://lorempixel.com/640/480/','8','Sint amet ea est in suscipit. Consequatur sit consectetur illo. Iusto et fuga sed et aliquam quia temporibus. Vero cupiditate unde reprehenderit.','1992-10-08 02:41:16','2009-04-02 14:31:56'),
('56','http://lorempixel.com/640/480/','68','Praesentium molestiae at ut quis. Delectus quis iure commodi voluptatem officia ex ut. Aut labore dolor iure. Adipisci nesciunt laboriosam nihil rerum reprehenderit laudantium ut in.','1994-01-18 00:00:15','1995-06-09 17:52:48'),
('57','http://lorempixel.com/640/480/','83','Nihil distinctio sint vel vel a molestias. Consequatur laborum libero dolores velit. Amet nesciunt molestias error aliquam asperiores voluptates.','1989-04-16 09:23:34','1972-01-01 14:17:28'),
('58','http://lorempixel.com/640/480/','20','Accusantium dolorum sit cumque voluptatem repudiandae possimus. Aut et consequuntur quos expedita. Deserunt mollitia et facilis enim enim earum.','2020-04-09 07:34:18','1977-07-06 07:55:21'),
('59','http://lorempixel.com/640/480/','17','Excepturi porro unde corporis maiores repudiandae reiciendis ullam. Atque sapiente porro sint.','1980-08-26 23:26:47','2008-04-17 00:26:03'),
('60','http://lorempixel.com/640/480/','91','Nisi eos occaecati et minus. Consectetur est dolorum consectetur iste. Libero rerum similique veritatis excepturi aut.','1998-10-03 05:19:42','2011-06-10 03:01:32'),
('61','http://lorempixel.com/640/480/','62','Et ea sit sed aut facere harum ex. Iste voluptas fugit repellat ut veniam id voluptatem. Culpa ea eveniet placeat libero. In nihil accusamus et ut.','1997-12-12 00:40:44','2019-01-14 20:40:53'),
('62','http://lorempixel.com/640/480/','14','Doloribus vitae vel voluptas. Consequuntur velit est laudantium labore rerum accusamus explicabo. Cumque et eos minus. Dignissimos aut architecto at reiciendis in odit. Nostrum et veritatis molestiae magni suscipit tempore.','1991-10-14 09:07:41','2015-03-22 21:12:02'),
('63','http://lorempixel.com/640/480/','43','Aut sed sed id ut accusamus voluptas vel. Natus vel modi architecto corporis quisquam et. A delectus soluta illo nihil qui magni cumque quis. Veritatis et voluptate reiciendis alias quo nulla.','2008-02-16 09:44:42','1984-03-28 15:32:46'),
('64','http://lorempixel.com/640/480/','36','Eaque a dicta ab vero incidunt explicabo maiores. Facilis sit minus beatae suscipit est voluptas incidunt. Vel ut tenetur laboriosam laboriosam ex blanditiis et.','1973-03-13 01:48:16','1971-12-14 09:13:47'),
('65','http://lorempixel.com/640/480/','67','Distinctio exercitationem non et esse doloremque eius quo. Et temporibus natus aut provident aliquid. Reprehenderit ea fuga et magni aut deleniti voluptas.','2005-03-28 05:45:35','1984-03-05 06:25:17'),
('66','http://lorempixel.com/640/480/','59','Dolor illo quaerat ut nesciunt quasi. Eligendi sit inventore vero voluptate mollitia aut. Id ex dolorem sequi odio rerum qui maiores non. Ea hic qui totam pariatur quidem.','1992-08-09 19:51:17','2005-10-04 23:45:07'),
('67','http://lorempixel.com/640/480/','56','Rerum harum voluptatem tempore nihil necessitatibus. Et sed nam enim rem consectetur quia. Vitae sint qui ut ea in in. Sed quod cupiditate earum voluptates architecto provident inventore. Sed sed sed doloremque ut cumque beatae consequatur.','2002-05-04 14:50:31','1987-07-29 22:16:31'),
('68','http://lorempixel.com/640/480/','87','Nobis vero aliquam laudantium consectetur sit aliquam fuga laborum. Incidunt veniam veniam et voluptas. Iure repellendus nisi fuga enim sit quidem. Modi quia aliquam eos molestiae.','2009-01-14 04:36:49','1995-05-30 22:18:54'),
('69','http://lorempixel.com/640/480/','81','Consequuntur corporis exercitationem iure numquam voluptatum dicta. Deleniti velit doloremque ea qui a eveniet. Deserunt ea natus est tempora officiis et. Saepe sint esse perspiciatis qui.','1970-11-15 23:46:03','1996-09-16 12:27:36'),
('70','http://lorempixel.com/640/480/','92','Aut magnam tempora rerum cumque ducimus modi. Incidunt laboriosam eos eveniet tempora sit explicabo recusandae quod. Aliquid explicabo et aspernatur excepturi nam qui non. Dolorem quo esse animi ducimus ipsam labore odit.','1980-05-26 18:02:06','1972-08-09 04:49:35'),
('71','http://lorempixel.com/640/480/','51','Ab ratione est est asperiores sint ut deserunt. Quia ut nam et. Aut reprehenderit pariatur molestiae consequuntur fugiat sint esse.','1995-05-07 10:08:11','1976-08-09 15:41:46'),
('72','http://lorempixel.com/640/480/','43','Enim consequatur dolorum sunt veritatis. Magnam dicta vero temporibus ex. Ducimus distinctio assumenda atque quibusdam.','1973-07-19 13:10:55','2007-12-09 17:11:49'),
('73','http://lorempixel.com/640/480/','55','Sapiente labore quod quasi. Fuga et voluptatem tempore dicta repellendus et ut. Est minus asperiores eum nihil nesciunt rerum.','2019-10-12 19:44:05','2015-08-20 22:43:23'),
('74','http://lorempixel.com/640/480/','90','Laudantium qui ut eius. Ipsum laboriosam ullam vero doloribus ut molestias. Enim reprehenderit eum pariatur molestias. Quia modi possimus velit numquam quos. Quibusdam ipsa animi adipisci quod rerum ut.','1973-11-18 07:11:01','1980-07-27 17:52:32'),
('75','http://lorempixel.com/640/480/','17','Cum consequatur aliquid rerum enim necessitatibus tempora nesciunt aut. Adipisci iure expedita molestias sint est iusto. Tempora delectus rerum beatae reiciendis necessitatibus non et.','1986-03-09 14:03:12','1973-04-26 01:57:30'),
('76','http://lorempixel.com/640/480/','17','Aliquam voluptates et quod. Omnis voluptatum repellat fugit harum.','1990-03-26 19:01:16','2000-02-29 17:00:04'),
('77','http://lorempixel.com/640/480/','72','Rerum esse ullam repellendus asperiores sequi iusto consectetur. Sint quasi quidem architecto et nemo soluta perferendis et. Magni numquam velit non sit. Eos consequatur autem ipsa mollitia repellendus veritatis veniam nemo.','1976-10-30 01:42:11','2011-06-03 03:32:30'),
('78','http://lorempixel.com/640/480/','29','Fugit dolorum et quas qui sed. Maxime id quas magnam. Dolorem inventore nam amet impedit nostrum. Repellat vitae harum quasi illum neque soluta voluptate itaque.','1992-04-20 01:52:39','1985-02-06 13:07:30'),
('79','http://lorempixel.com/640/480/','57','Facilis debitis quidem sit laborum tenetur reiciendis earum. Veniam earum suscipit repudiandae voluptate exercitationem. Qui consequatur ex fugiat officiis est molestias.','1986-11-03 03:42:44','1993-06-15 20:01:10'),
('80','http://lorempixel.com/640/480/','96','Omnis et impedit eligendi magnam. Consectetur nihil neque delectus quia id. Adipisci eius quo magnam quisquam deserunt enim. Ex laudantium sit eos vel.','2011-07-05 09:37:01','2008-01-28 20:04:15'),
('81','http://lorempixel.com/640/480/','73','Earum laudantium enim quis ea suscipit minima et quam. Saepe autem reprehenderit est. Nam incidunt beatae ducimus.','2005-04-05 08:38:40','1982-12-03 20:32:15'),
('82','http://lorempixel.com/640/480/','84','Autem corrupti id aut esse voluptatem sed. Voluptate quam autem dolores neque. Suscipit assumenda molestiae quae inventore vitae aliquid. Eum ut id repellat.','1997-12-02 04:20:36','2013-01-01 09:11:03'),
('83','http://lorempixel.com/640/480/','79','Tempore similique debitis voluptatem suscipit voluptatem. Quis omnis quidem quae ab similique suscipit aut. Optio dolor accusamus ab nemo doloribus.','2011-05-06 16:08:18','1989-12-19 05:03:44'),
('84','http://lorempixel.com/640/480/','54','Cumque et ut eum aliquid. Quisquam ut qui magni id. Corporis et id inventore sapiente et.','1975-08-21 00:10:26','1970-05-24 03:30:58'),
('85','http://lorempixel.com/640/480/','41','Et officiis ea itaque nemo. Ab ducimus sit aut perferendis. Quod ipsam modi saepe molestiae. Dolorem non et incidunt ipsa voluptas necessitatibus error.','2020-03-26 20:32:13','1992-07-06 01:13:18'),
('86','http://lorempixel.com/640/480/','87','Non optio non sint corrupti quidem ut labore. Illo repudiandae dolore et animi quia a reprehenderit. Eos rerum soluta quis. Excepturi voluptatem veritatis fugiat atque.','2000-07-04 21:12:13','1999-06-29 13:57:19'),
('87','http://lorempixel.com/640/480/','22','Quia maxime assumenda dolores consectetur. Quam natus est qui dolorem provident velit. Nostrum ratione laborum exercitationem modi odio odit.','1993-07-17 08:22:09','2017-09-15 11:01:53'),
('88','http://lorempixel.com/640/480/','24','Neque velit eos porro architecto quos. Iure atque molestias ipsum qui beatae. Qui enim sed illo totam quam sapiente. Nemo earum laboriosam ut qui reiciendis.','2016-03-21 15:09:32','1974-08-12 22:09:05'),
('89','http://lorempixel.com/640/480/','6','Rerum voluptatum ipsum repellat quidem consequatur dolorem est possimus. Aliquam doloribus dolore est. Ut odit laudantium omnis quasi sapiente. Occaecati fugiat iusto qui rerum cum at.','1983-11-10 16:53:26','2002-01-09 18:02:33'),
('90','http://lorempixel.com/640/480/','38','Deleniti quibusdam magni corporis alias voluptas quia iure illum. Atque expedita facere tempore sed. Ea nostrum dolores eligendi beatae molestiae aut reprehenderit labore. Voluptas ipsam sit doloremque harum quasi velit aliquid.','2007-12-16 05:50:46','2005-01-10 00:09:38'),
('91','http://lorempixel.com/640/480/','15','Possimus et et et quam non. Dolorem necessitatibus repellat aut enim ipsum repellat facilis. Sunt distinctio eum quaerat culpa ut. Sit quis consequatur soluta aut perspiciatis. Aut ex pariatur voluptatem rerum quas ad cumque.','2000-01-09 08:50:59','1990-01-21 20:10:14'),
('92','http://lorempixel.com/640/480/','68','Ex dolor architecto voluptates aut cum impedit. Corrupti iusto et eos dolorum animi. Occaecati magni ipsa sint sequi illo. Voluptates maiores voluptatem et a ut quas.','1999-04-08 12:42:04','1984-12-06 08:53:52'),
('93','http://lorempixel.com/640/480/','52','Quis illo voluptas enim quia et occaecati totam rerum. Dolorem nobis laborum vitae magni. Voluptas facere explicabo voluptatem quidem voluptas odio.','1997-11-24 20:09:19','2009-07-03 20:33:15'),
('94','http://lorempixel.com/640/480/','58','Sit id rerum ut nesciunt. Voluptatum consequuntur est officia ullam exercitationem. Autem molestiae atque vitae enim aut excepturi non. Dolor et nam vel.','2002-12-14 03:50:45','2005-10-06 08:39:33'),
('95','http://lorempixel.com/640/480/','3','Consequatur eaque corporis esse. Incidunt eum voluptate quis autem. Consequatur ipsam omnis sed tempore.','1991-06-07 17:53:40','1975-02-18 12:30:31'),
('96','http://lorempixel.com/640/480/','18','At voluptas sint corporis dolorum asperiores omnis ex tempora. Porro ullam saepe labore occaecati deleniti sed ullam. Quos ut et ea rem ea molestiae animi. Voluptates ut id voluptate eaque repellendus.','2005-06-24 08:47:01','1981-07-04 19:04:25'),
('97','http://lorempixel.com/640/480/','16','Nemo iste sed nemo voluptatem aut et eligendi laborum. Ut nihil ducimus voluptas distinctio. Error eius dolor illo inventore saepe. Et ea quae vitae libero voluptas dolore fugit.','1978-04-10 17:26:27','1998-08-28 07:23:53'),
('98','http://lorempixel.com/640/480/','58','Provident assumenda facilis inventore facere. Nihil voluptate tenetur sint veniam. Omnis numquam molestiae sit alias laboriosam laboriosam. Est quas incidunt quia autem magni ut qui.','1990-11-22 14:52:22','2009-03-24 02:42:40'),
('99','http://lorempixel.com/640/480/','4','Quos ullam voluptatem aliquid. Et aliquid facere dolores mollitia minima. Rerum dolor iure dolor exercitationem. Suscipit cum adipisci vel est quos. Asperiores et porro aut quia quisquam voluptatem.','2008-06-18 03:17:11','1977-04-03 18:11:25'),
('100','http://lorempixel.com/640/480/','97','Est fugit ullam sit ullam dolores aut aliquid. Eos quas dolorem rerum ad doloribus mollitia consequuntur. Ut non tempore fuga. Et enim sapiente perspiciatis.','1978-05-22 00:06:39','1987-10-25 08:36:06'); 


DROP TABLE IF EXISTS `posts`;
CREATE TABLE `posts` (
  `id` bigint(20) unsigned NOT NULL AUTO_INCREMENT,
  `user_id` bigint(20) unsigned NOT NULL,
  `body` text COLLATE utf8_unicode_ci DEFAULT NULL,
  `attachments` longtext CHARACTER SET utf8mb4 COLLATE utf8mb4_bin DEFAULT NULL CHECK (json_valid(`attachments`)),
  `metadata` longtext CHARACTER SET utf8mb4 COLLATE utf8mb4_bin DEFAULT NULL CHECK (json_valid(`metadata`)),
  `created_at` datetime DEFAULT current_timestamp(),
  `updated_at` datetime DEFAULT current_timestamp() ON UPDATE current_timestamp(),
  PRIMARY KEY (`id`),
  KEY `user_id` (`user_id`),
  CONSTRAINT `posts_ibfk_1` FOREIGN KEY (`user_id`) REFERENCES `profiles` (`user_id`)
) ENGINE=InnoDB AUTO_INCREMENT=101 DEFAULT CHARSET=utf8 COLLATE=utf8_unicode_ci;

INSERT INTO `posts` VALUES ('1','60','Deleniti dolor aliquid impedit et. Fuga quo quam eum voluptas veniam natus est nihil. Dicta quos illum eos voluptas. Ut illum eveniet voluptas quis facilis consequatur.',NULL,NULL,'2015-12-09 02:18:11','1984-11-07 01:33:03'),
('2','9','Rerum quibusdam et dolorum iure ullam velit incidunt. Ipsa enim sit et enim nisi. Numquam omnis occaecati est quasi. Voluptate repudiandae eligendi ipsa beatae.',NULL,NULL,'2015-05-03 07:43:46','2002-02-10 23:23:03'),
('3','23','Asperiores culpa accusantium doloremque nobis in. Laborum praesentium minus sunt pariatur laudantium non voluptatem. Velit inventore voluptas fugiat illo maxime consequatur consequatur. Ut fuga illum omnis asperiores quia id accusamus.',NULL,NULL,'2020-07-28 03:47:08','2007-01-18 08:15:30'),
('4','72','Ea autem aut velit enim. Omnis adipisci iste eveniet. Minus modi assumenda molestiae quam.',NULL,NULL,'1992-03-18 21:52:21','2010-11-21 15:36:37'),
('5','58','Vel enim enim molestiae culpa quaerat nihil exercitationem. Sed eum tenetur ipsam veniam.',NULL,NULL,'1970-09-03 06:01:23','1999-02-06 17:58:53'),
('6','68','Nihil est quia esse aut eligendi praesentium molestias voluptatem. Iure sequi ratione ut occaecati temporibus quam. Exercitationem itaque eaque ut odio ab autem in non.',NULL,NULL,'1996-12-03 20:47:01','2001-05-31 08:09:56'),
('7','61','Impedit eos est suscipit corrupti. Esse eum et recusandae exercitationem expedita. Minus aspernatur eos eos et facilis quia placeat quod. Quos reiciendis est dolores officiis at.',NULL,NULL,'1999-08-01 06:22:01','1985-11-08 03:19:44'),
('8','20','Aut aut voluptatem cupiditate aliquid. Aliquid vel laudantium quos rerum. A deleniti voluptatum sint nisi quia est.',NULL,NULL,'2018-07-16 13:29:27','2009-06-23 08:37:51'),
('9','69','Beatae amet et sapiente nobis. Sequi corporis vel voluptatem veniam et. Possimus nobis id sit.',NULL,NULL,'1993-08-03 22:25:27','1981-03-29 09:16:16'),
('10','7','Accusantium est commodi consequatur qui voluptatem qui error. Accusantium expedita ad pariatur ad consequatur dicta. Maxime ipsum ullam ipsa odit perspiciatis qui ad excepturi. Nobis accusantium aspernatur placeat odit. Et quia cumque amet qui cumque sint beatae.',NULL,NULL,'2007-11-14 11:14:21','2010-11-25 20:56:04'),
('11','45','Repudiandae odit quia accusamus commodi laudantium. Ut nulla aperiam iste fuga eos vitae amet. Ut quia consequatur alias. Exercitationem quis culpa culpa quo eum et provident.',NULL,NULL,'1997-08-02 07:34:24','2014-05-23 22:45:58'),
('12','24','Magni nihil molestias animi quos. Quis voluptatem iure quisquam quibusdam vero nemo accusantium. Voluptatem voluptatum sed ea odit fuga odit. Fugiat pariatur blanditiis at.',NULL,NULL,'2004-11-07 23:30:09','1981-05-02 05:29:55'),
('13','5','Distinctio ipsam est architecto qui dolor quam voluptatem. Cupiditate omnis velit sit consequatur debitis maiores id. Fugiat rerum eos dolor magnam. Omnis nobis similique architecto ut quas. Eum esse excepturi tenetur eaque sunt.',NULL,NULL,'2009-06-28 06:39:10','2001-06-19 11:10:44'),
('14','3','Est molestiae aperiam placeat. Similique provident dolorem distinctio quibusdam et beatae et itaque.',NULL,NULL,'1973-06-12 13:23:39','1974-07-29 11:06:45'),
('15','21','Est atque voluptas ut aut eius adipisci dolores. Praesentium eos necessitatibus sed quod. Repellat earum dolores commodi omnis numquam iste. Nesciunt quia fuga fuga vitae consequatur magnam. Voluptas optio esse ut ut eaque.',NULL,NULL,'2001-07-21 06:52:29','1992-03-18 18:34:58'),
('16','66','Ad omnis iure deserunt voluptatem harum exercitationem consequatur. Ducimus eaque et aliquid. Delectus sequi nostrum voluptatum qui qui. Exercitationem tempora voluptate ducimus consequatur aut vitae molestiae odit.',NULL,NULL,'2004-11-05 03:43:15','1974-05-22 17:37:25'),
('17','54','Et voluptate nam tenetur deleniti voluptatem. Optio placeat consequatur non repellat non odit aut asperiores. Aut dignissimos debitis minus et iusto blanditiis fugiat alias.',NULL,NULL,'1978-11-25 00:09:42','2013-01-25 11:41:54'),
('18','89','Et aut consequuntur modi et id inventore recusandae. Velit temporibus voluptatem quia eaque qui. Ab tempora dolor vel. Adipisci cumque ab nihil. Debitis et aspernatur assumenda dolore.',NULL,NULL,'1998-06-09 00:41:32','2001-08-23 10:09:15'),
('19','95','Eos veritatis iure repellat recusandae aut. Repellendus tempora quo qui. Dolore nobis ut excepturi quasi id.',NULL,NULL,'2020-02-08 19:13:52','1984-09-10 18:56:41'),
('20','79','Aut quaerat voluptatem sapiente consequuntur minus distinctio in. Reprehenderit odit dolores provident ratione quisquam vero. Illo laudantium aut esse impedit et. Dolores aut excepturi sit non.',NULL,NULL,'1997-06-14 14:12:48','1980-08-10 13:26:53'),
('21','96','Vero natus eum quibusdam laborum. Hic et voluptates accusantium cumque. Sunt quaerat veritatis nam ut sit. Cumque adipisci quis sed aut repellendus quia asperiores.',NULL,NULL,'1979-11-04 07:47:50','1996-03-16 12:31:02'),
('22','62','Blanditiis sapiente dignissimos sequi omnis. Praesentium nostrum nesciunt facilis commodi optio ipsa sed.',NULL,NULL,'1976-06-12 10:06:28','2008-08-05 05:16:56'),
('23','46','Ea et laborum dolore vitae. Aut sed veritatis minus cupiditate fugit. Nostrum quis praesentium quas odio.',NULL,NULL,'1993-08-28 23:37:17','1993-05-27 07:33:59'),
('24','67','Et facere officiis quia officia explicabo quasi laboriosam numquam. Maxime impedit necessitatibus optio ut. Numquam ullam qui ipsa atque autem qui.',NULL,NULL,'1985-09-03 14:01:13','2001-03-26 23:22:45'),
('25','16','Officiis et quia enim cum sed dolorem animi. Et voluptatum et perspiciatis quos facilis.',NULL,NULL,'2013-01-03 20:26:56','1974-05-29 11:58:24'),
('26','93','Tenetur eveniet maxime sunt illo beatae cupiditate nobis saepe. Deserunt blanditiis beatae aut et. Fuga sequi quasi aut voluptatum inventore qui omnis. Vel et enim consequatur possimus qui laborum vel maiores.',NULL,NULL,'2006-02-17 03:19:17','2005-03-07 06:37:30'),
('27','64','Est et est vero aliquam praesentium. Sed perspiciatis repellat dolorem porro. Voluptatem facilis dolorem et eius. Consequatur quo qui earum et deleniti rerum.',NULL,NULL,'2009-04-24 13:47:11','1971-09-25 13:56:53'),
('28','86','Et quisquam cumque velit quibusdam aut. Itaque modi suscipit suscipit minima quaerat nihil et. Aut ut beatae exercitationem necessitatibus. Aut quaerat consequatur laborum eveniet est non assumenda. Eos deleniti corrupti doloribus repellendus unde iste.',NULL,NULL,'1984-03-30 16:49:40','1978-09-13 05:03:30'),
('29','48','Voluptatum quia voluptatem repudiandae ipsam rerum et. Veritatis est consequatur eos autem doloremque. Doloribus voluptatem quis et facilis nesciunt qui quia ad. Dolores cumque rem sit quia at asperiores.',NULL,NULL,'2007-10-06 13:41:19','2013-12-15 13:39:55'),
('30','75','Temporibus aut libero occaecati molestias. Voluptas fugit debitis sed sapiente. Vero expedita tempora reiciendis. Quia amet quo necessitatibus est.',NULL,NULL,'1982-07-02 07:16:41','2015-09-13 04:22:19'),
('31','16','Similique odit voluptatem corrupti totam aut officiis labore. Illum id quam odit dolorem cupiditate ipsum quibusdam. Tenetur ut rerum consequatur.',NULL,NULL,'2017-03-30 11:54:12','2018-01-01 19:08:48'),
('32','7','Est ut voluptatem repellat soluta atque odio adipisci. Itaque tempore et eaque earum officiis. Repellendus ducimus doloremque magnam eius. Voluptatem quas necessitatibus voluptatum placeat error. Dicta reprehenderit quod ab officiis quis quam suscipit consequatur.',NULL,NULL,'1999-03-26 00:51:47','2010-12-24 19:47:20'),
('33','84','A et rerum consequatur alias est. Non et aut quia vel. Corporis quisquam excepturi aut omnis.',NULL,NULL,'1975-09-28 17:17:48','1986-05-25 22:22:48'),
('34','38','Eius et illum dolorem illo dolor aut molestiae. Est et culpa fugit magni soluta eos voluptatum nisi. Eaque sapiente a et eveniet.',NULL,NULL,'2002-10-27 11:26:47','1982-03-31 10:36:53'),
('35','79','Nostrum ad nesciunt doloribus fugit et itaque voluptatem reprehenderit. Consequatur dolores distinctio laborum dolorem asperiores et dolor. Laudantium non repellendus maiores quia repudiandae.',NULL,NULL,'1980-09-21 21:58:52','2010-10-27 15:07:37'),
('36','41','Voluptates ipsa et harum aut eveniet voluptatem quia. Quis quidem quia quas aperiam. Esse est sint harum odit sint esse. Dolorem dicta totam dicta maxime quaerat dolorem.',NULL,NULL,'1977-09-17 05:20:07','1973-12-02 18:01:22'),
('37','6','Eligendi eligendi quisquam aperiam perspiciatis praesentium excepturi. Repudiandae et quasi nihil omnis nisi nam. Nam ducimus beatae magnam ducimus qui occaecati a. Sunt commodi molestiae harum aspernatur voluptatem quisquam.',NULL,NULL,'2004-04-08 16:02:57','1985-06-21 12:48:32'),
('38','39','Aliquid aspernatur ut ut inventore voluptates voluptatem. Repellat ipsum minima voluptatem qui ut. Aut inventore quis eveniet autem. Deleniti sapiente aperiam consequatur a dolorum.',NULL,NULL,'2012-08-21 04:30:52','2008-02-26 02:15:55'),
('39','61','Doloribus delectus ex qui repellat nulla. Rerum non officiis aliquid hic ut corporis. Maiores ab fugit reprehenderit tempore. Ipsam maxime aperiam dolorem non.',NULL,NULL,'1981-02-18 09:25:52','1998-06-09 00:09:48'),
('40','75','Ipsum id ab perspiciatis debitis aspernatur. Est sequi magni dolore fuga. Ab iure blanditiis ipsa fugiat minima nulla.',NULL,NULL,'1994-06-21 19:19:54','1979-11-22 02:13:55'),
('41','45','Saepe veniam dignissimos qui consectetur aut. Mollitia qui quod ad qui quae dolorum. Natus illo sed et delectus ut qui voluptate architecto.',NULL,NULL,'1984-06-15 19:05:09','1984-03-26 14:48:17'),
('42','6','Vel recusandae odio a cupiditate. Quos deleniti odit nihil consequatur. Voluptas odit sed quas voluptatem voluptas.',NULL,NULL,'1976-01-27 19:13:56','1975-02-21 10:06:53'),
('43','98','Nemo in ab modi praesentium ullam. Deserunt itaque nostrum repellat quia. Labore dolores qui blanditiis enim magni. Voluptatem rerum voluptatem dolores. Cumque incidunt assumenda debitis rerum distinctio sequi quos aut.',NULL,NULL,'2001-03-13 23:38:28','1997-05-11 03:17:40'),
('44','50','Enim repudiandae earum perspiciatis quia. Similique nemo cumque quia. Qui corrupti assumenda velit nihil.',NULL,NULL,'1989-11-02 18:14:25','2013-03-02 07:30:09'),
('45','9','Recusandae cum tempore quas non quaerat quam vel dolores. Rerum temporibus deleniti nihil perferendis. Distinctio quo fuga doloremque sit dolorum. Numquam quia porro tempore enim nobis molestias ut.',NULL,NULL,'2016-05-16 16:21:01','1983-07-14 16:24:50'),
('46','18','Et rerum sit possimus nesciunt repellendus accusantium officiis aut. Praesentium et tempore reiciendis dolorem ad similique itaque. Nisi consequatur molestias aut. Numquam deserunt voluptate occaecati aut numquam. Neque aut occaecati qui debitis sunt minus.',NULL,NULL,'2004-01-01 20:48:23','1975-08-06 11:22:01'),
('47','16','Et et nisi accusantium molestiae. Iure praesentium id consequatur qui deleniti recusandae animi. Laborum sit odit ab numquam est et.',NULL,NULL,'2013-12-21 04:39:59','1985-01-26 18:15:30'),
('48','62','Consequuntur amet sunt fugit. Magnam velit ipsam illo et culpa beatae eius ut. Quam qui vel eaque nihil cumque nihil enim. Optio dolore soluta voluptas sed consequuntur.',NULL,NULL,'1998-02-23 11:09:36','1974-08-05 14:14:03'),
('49','7','Ut fugiat itaque aut aut omnis natus. Beatae omnis odit voluptate illo aut id enim. Iste qui laboriosam similique sit.',NULL,NULL,'2009-03-24 16:47:14','1982-04-27 13:10:25'),
('50','10','Fuga dolorem facere eligendi totam et enim dicta. Voluptatem dolore rerum natus repellat illo. Incidunt provident esse ad.',NULL,NULL,'1999-07-05 20:24:40','1995-03-23 16:59:09'),
('51','41','Ut et ut doloremque esse. Doloremque voluptates aperiam quo in quis et ut. Numquam cumque nisi aspernatur quisquam vero dolor tenetur.',NULL,NULL,'2018-06-22 04:30:54','1990-06-08 21:03:39'),
('52','2','Veritatis ipsam cumque voluptatem minus expedita aut. Eos nostrum eos dolor deserunt exercitationem. In quo debitis eum. Illum eum vel deleniti.',NULL,NULL,'2003-08-28 05:10:07','2007-12-26 10:38:31'),
('53','71','Nam ad in ipsam doloribus ea sint in. Eveniet impedit rerum beatae consequatur. Et quae natus magni numquam doloremque omnis. Aut quisquam debitis praesentium aut sapiente est error. Exercitationem itaque ea fugit libero corporis.',NULL,NULL,'1994-11-06 09:13:52','2014-10-22 08:42:02'),
('54','86','Officiis corporis distinctio suscipit aliquid. Earum corporis autem animi tempora praesentium optio mollitia. Et explicabo nisi eos eveniet.',NULL,NULL,'2018-03-02 11:54:00','1987-03-04 16:18:55'),
('55','68','Ut modi et minus sequi laborum ipsa sapiente. Rem itaque consectetur enim at aut alias reiciendis. Id reprehenderit nam iusto vel vero omnis.',NULL,NULL,'2014-12-14 11:59:42','1982-06-24 18:10:52'),
('56','87','Iusto sint et et. Voluptas eos modi eum aspernatur natus iusto. Voluptatem sunt quod mollitia voluptas quam corrupti modi dolor. Eaque quos ipsum dolorum dolorem eum odio.',NULL,NULL,'2001-05-31 20:27:04','2000-09-19 23:36:28'),
('57','78','Vel quo est sunt et qui distinctio veritatis ut. Expedita perferendis sapiente nemo voluptas earum laudantium perferendis. Incidunt ad sit distinctio saepe et eos voluptatum.',NULL,NULL,'2010-02-20 10:01:56','1995-05-09 06:48:22'),
('58','32','Ut iusto minus inventore fuga. Odit at debitis veniam nihil consequatur doloribus. Blanditiis molestias consequatur sed numquam et.',NULL,NULL,'1976-01-19 19:18:50','1987-08-28 14:42:34'),
('59','72','In maiores libero itaque. Consequatur dolorem veritatis quisquam est expedita et voluptatem. Est fugit ratione cupiditate debitis dolores.',NULL,NULL,'1993-09-27 07:23:49','2004-12-15 07:35:49'),
('60','26','Aperiam quae aliquam hic eos autem voluptas fuga. Saepe omnis numquam maiores assumenda id dolore. Sit ea sit in cum dolores harum commodi. Quae animi tempore dolorem repellat quis corporis.',NULL,NULL,'1990-05-30 05:51:04','1980-09-27 05:14:46'),
('61','6','Facere magni enim consequatur aut quia beatae et qui. Et alias cum in molestiae suscipit. Eos maiores aut praesentium id est rerum. Modi dolorum quo quaerat provident laborum.',NULL,NULL,'1988-03-26 22:21:58','2011-08-11 18:29:07'),
('62','88','Ad consequatur est eum atque animi quisquam dolor. Dolor tempora tempore accusantium minima. Enim laboriosam vitae eaque rerum qui quibusdam dicta.',NULL,NULL,'1977-06-28 19:38:54','1971-03-11 00:21:30'),
('63','32','Ut dolorem iusto quisquam repudiandae qui. Officia est expedita dolor corporis consectetur ipsum. Cum laborum incidunt quia qui. Ex necessitatibus aut corrupti ea ea.',NULL,NULL,'1990-05-22 13:33:20','1986-07-22 17:29:07'),
('64','90','Sed dolores nesciunt corrupti est. Consequatur ut ut voluptatibus adipisci dolore quia. Harum sed nisi dolorem deleniti. Non non pariatur illo amet.',NULL,NULL,'2004-01-25 13:54:34','1981-07-02 07:38:44'),
('65','25','Velit perspiciatis harum sunt rerum enim expedita. Ut beatae et eius doloribus ut et. Consequuntur provident eius autem. Saepe error id quos omnis aspernatur quia dolores.',NULL,NULL,'1979-03-26 13:42:47','1992-12-12 02:53:48'),
('66','11','Quidem ut sed ipsam facere et pariatur cupiditate. Est facere ea temporibus quis ratione veniam. Sed ex aut ut commodi in.',NULL,NULL,'1986-01-15 20:03:55','2009-12-26 21:38:37'),
('67','31','Eligendi et accusamus debitis omnis numquam at. Qui modi eligendi iure consectetur dolorum tenetur. Nostrum assumenda commodi exercitationem aliquam id beatae qui. Quas quisquam odit eveniet voluptatem ullam quia fugiat libero.',NULL,NULL,'1982-12-25 20:05:59','1983-09-26 11:41:07'),
('68','31','Et fugit soluta id voluptatibus. Provident ex cum sequi tenetur ut. Dolorem temporibus porro quidem quibusdam sunt.',NULL,NULL,'1981-11-29 11:31:05','1988-02-02 13:13:13'),
('69','49','Dolorum beatae possimus repudiandae nam rerum. Consequatur et eos fuga corrupti dolore nam. Sed ullam quia excepturi. Eius et et deserunt aliquam exercitationem suscipit.',NULL,NULL,'1994-05-23 12:30:51','1990-04-12 11:42:44'),
('70','91','Non sequi non repellat quo quasi minus. Cum soluta quia tempore quia aut eaque. Dolores ducimus consequatur consequatur et voluptatem temporibus sed.',NULL,NULL,'2005-11-10 11:50:17','1981-01-09 21:26:45'),
('71','5','Nostrum fuga aliquid explicabo asperiores rem fugit. Ut numquam ipsam deserunt dolores. Dolor aliquam qui soluta nemo.',NULL,NULL,'2011-06-17 22:34:23','2000-04-25 20:25:07'),
('72','94','Sed ut sunt ut iste repellendus reiciendis esse qui. Tempora est et sunt sapiente placeat perferendis consectetur dolor. Molestiae consequatur et fugit quas natus officia eius repudiandae. Maxime quae accusantium aperiam et.',NULL,NULL,'1993-11-07 20:25:12','1979-05-29 08:59:08'),
('73','97','Pariatur accusantium voluptatem voluptatem omnis in. Hic placeat labore est velit. Doloribus repellendus sequi quidem consectetur aliquam architecto ex esse. Quia nostrum consequatur praesentium eos incidunt.',NULL,NULL,'1978-02-01 06:19:20','2008-03-13 00:22:08'),
('74','3','Laboriosam voluptatibus dolor sapiente autem. Qui praesentium soluta aut ad eligendi. Cum nesciunt voluptatem magnam eos.',NULL,NULL,'1974-05-02 15:24:07','1974-08-06 20:38:15'),
('75','44','Ipsa et enim sit ut placeat. Nulla iusto laudantium ut dolore.',NULL,NULL,'1984-04-02 08:01:41','1987-10-08 21:32:00'),
('76','5','Aut id dolorum porro aspernatur ducimus minima. Eveniet et excepturi voluptates sit repellendus voluptatem quia eveniet.',NULL,NULL,'2018-03-30 09:22:49','2012-04-22 07:59:10'),
('77','20','Officia tempora libero similique eveniet voluptate. Illo sit quia suscipit ea qui. Placeat vero aut dolorem cum aut iusto laborum. Asperiores dolorum voluptatum nihil voluptatem dolorum.',NULL,NULL,'2003-09-06 06:16:26','1977-04-17 14:54:43'),
('78','59','Voluptatum velit voluptas error dolores. Sed eius et saepe ut quia. Sint tempore odit deleniti.',NULL,NULL,'1999-05-25 20:46:34','1999-03-13 21:12:15'),
('79','66','Incidunt ea sequi assumenda accusantium voluptate sunt. Quas est perferendis ut neque a. Minus alias error excepturi aut alias quia consequatur. Iste ullam molestiae quo a quod est quibusdam.',NULL,NULL,'1981-10-12 16:58:52','2013-06-14 04:19:41'),
('80','26','Quod rerum saepe quod voluptas facilis perferendis rerum in. Eveniet doloribus alias quam qui nam a ex.',NULL,NULL,'1992-03-01 05:24:42','1974-03-28 18:24:35'),
('81','68','Qui ipsam unde excepturi iusto amet. Perferendis ut ratione repudiandae quaerat. Aut est omnis nemo quasi saepe. Sed dolorem dolor quis et sed consectetur eaque. Quae nobis blanditiis voluptate assumenda odio quibusdam.',NULL,NULL,'2001-09-04 12:15:43','1971-02-24 20:45:41'),
('82','6','Laboriosam labore nisi dolores corporis doloremque sit dolor asperiores. Beatae est architecto recusandae non laborum. Est voluptatum qui ab.',NULL,NULL,'1984-03-29 07:21:23','1986-08-23 14:02:42'),
('83','28','Libero aut ut fugiat est temporibus. Asperiores quia autem alias aliquam hic dolores.',NULL,NULL,'1989-01-21 01:24:13','1985-12-24 15:13:35'),
('84','39','Rerum eligendi quod voluptatem enim iure incidunt. Sed omnis consequatur tenetur. Velit esse et consequatur. Numquam beatae aut nam rerum totam tempora incidunt.',NULL,NULL,'1972-03-31 02:32:09','1970-07-17 04:55:46'),
('85','91','Alias voluptas ut quas at quia aperiam voluptatibus. Ducimus cum sequi sapiente. Dignissimos fuga ex quia harum explicabo et et. Molestiae iste neque dolorum modi quasi.',NULL,NULL,'1973-02-28 13:37:36','2013-11-04 19:22:34'),
('86','96','Molestiae quo dicta tempora sequi. Rem hic esse magni voluptatum suscipit reiciendis aut ut. Sunt minus harum doloribus animi dolore incidunt quia.',NULL,NULL,'1989-01-22 10:23:57','1995-10-14 18:32:24'),
('87','26','Perspiciatis sapiente omnis rem nostrum pariatur repellendus deleniti sunt. Suscipit facilis aut dolor facere tempore voluptas dolorem est.',NULL,NULL,'1990-07-09 06:16:13','1992-02-02 04:31:04'),
('88','69','Officiis doloremque quasi eum quibusdam incidunt sed id. Porro consequatur ullam accusantium tempore aut iure voluptatum. Vel impedit provident sint aut omnis voluptatum dignissimos eius.',NULL,NULL,'1978-07-03 06:05:51','1979-10-25 06:07:58'),
('89','27','Autem quia et voluptatem assumenda delectus ratione. Vitae eius repellendus pariatur aliquam porro cum. Ipsa laborum iste ea et. Voluptatem repellendus odio maiores possimus illo omnis saepe.',NULL,NULL,'1987-05-04 03:40:21','2012-11-17 10:41:59'),
('90','98','Voluptas amet ea velit. Voluptas sed pariatur quaerat voluptatem vitae tempora. Rem deleniti a mollitia ut non molestias. Et esse illum beatae et nihil est.',NULL,NULL,'1984-09-28 23:24:43','1982-04-23 00:04:32'),
('91','94','Nemo vel velit voluptatem quia. Dignissimos reprehenderit laudantium deleniti ullam aut est nam sed. Eum et labore qui voluptates voluptatibus ut voluptates. Voluptate delectus unde consequatur.',NULL,NULL,'2006-06-25 08:59:42','1980-03-02 10:34:07'),
('92','33','Illum iusto et eum rerum qui distinctio ut illo. Saepe laudantium et qui pariatur deleniti quia. Culpa deleniti eaque qui dolorum facere aliquid vel.',NULL,NULL,'2015-05-05 02:08:28','2006-02-17 04:27:19'),
('93','85','Officia natus vel dignissimos assumenda mollitia. Et libero quas officiis quod aut. Voluptates illum voluptates corrupti temporibus et et. Tempore est natus aut impedit alias.',NULL,NULL,'1988-12-27 08:47:44','1978-11-25 18:02:21'),
('94','26','Sit dolores eos eos laborum magni qui nemo. Fuga aperiam aliquid quod. Nobis aut ullam reiciendis deserunt inventore atque adipisci. Explicabo qui quibusdam rerum vero nesciunt aut eius est.',NULL,NULL,'2020-08-05 04:39:14','1982-01-28 17:41:54'),
('95','22','Cumque consequatur sunt tempore quis. Reprehenderit praesentium nemo ut maiores id quasi magnam. Cumque ut tenetur est nulla voluptatem earum sed. Explicabo illum praesentium est aliquid repellendus dolore voluptatem veniam.',NULL,NULL,'1981-11-02 17:41:27','2003-11-28 22:02:03'),
('96','10','Et in quod quia asperiores. Sed eveniet sed odio recusandae. Ut ut inventore fugit ipsam.',NULL,NULL,'1989-02-27 02:48:10','2017-04-12 22:52:26'),
('97','37','Eum molestiae quod numquam velit nesciunt doloribus quia. Perspiciatis porro inventore et quia. In molestiae illum nulla numquam. Eligendi laudantium magni rerum sint molestias optio. Nihil veniam minima fugiat ipsum.',NULL,NULL,'1978-10-04 07:21:06','1978-01-28 11:57:30'),
('98','52','Quam vel qui nihil officia. Sed necessitatibus alias unde. Dolor illum delectus qui non commodi. Nihil a libero minima incidunt. Occaecati rem possimus nihil delectus voluptas sit.',NULL,NULL,'2016-11-09 02:39:16','1975-02-03 02:47:53'),
('99','40','Eos enim odit fugit adipisci repellendus ratione necessitatibus. Natus ea at ratione iure nam. Corporis et nulla maiores voluptate provident laborum. Rerum quam veritatis porro aut perferendis pariatur.',NULL,NULL,'2015-02-06 01:38:46','2006-05-24 11:56:28'),
('100','85','Dolores cupiditate nostrum esse ut qui quod corporis. Velit quasi tempora ullam aut. Odio voluptates temporibus est magnam.',NULL,NULL,'1975-10-16 08:44:19','1985-06-10 04:20:04'); 


DROP TABLE IF EXISTS `profiles`;
CREATE TABLE `profiles` (
  `user_id` bigint(20) unsigned NOT NULL AUTO_INCREMENT,
  `name` varchar(255) COLLATE utf8_unicode_ci NOT NULL,
  `lastname` varchar(255) COLLATE utf8_unicode_ci NOT NULL,
  `gender` char(1) COLLATE utf8_unicode_ci NOT NULL,
  `birthday` date DEFAULT NULL,
  `photo_id` bigint(20) unsigned DEFAULT NULL,
  PRIMARY KEY (`user_id`),
  KEY `name` (`name`),
  KEY `lastname` (`lastname`),
  CONSTRAINT `profiles_ibfk_1` FOREIGN KEY (`user_id`) REFERENCES `users` (`id`)
) ENGINE=InnoDB AUTO_INCREMENT=101 DEFAULT CHARSET=utf8 COLLATE=utf8_unicode_ci;

INSERT INTO `profiles` VALUES ('1','rerum','Metz','D','2012-02-13','0'),
('2','architecto','Casper','D','1980-02-08','8'),
('3','veritatis','Ledner','D','1993-04-26','2'),
('4','officia','Dare','P','1970-06-12','4'),
('5','tempore','O\'Reilly','P','1972-12-10','7'),
('6','eum','Mohr','D','1989-11-26','8'),
('7','consequatur','Beer','M','1971-06-21','1'),
('8','velit','Hane','P','1981-09-18','6'),
('9','incidunt','Hudson','P','1996-09-21','9'),
('10','officia','Blick','P','2004-01-30','4'),
('11','aliquam','Grant','P','1983-10-18','2'),
('12','praesentium','Williamson','M','2009-03-05','3'),
('13','itaque','Breitenberg','M','1974-10-29','6'),
('14','atque','Schmidt','M','1974-08-03','5'),
('15','reprehenderit','Quigley','M','1972-10-07','4'),
('16','qui','Bechtelar','P','2014-01-12','4'),
('17','rem','Collins','M','1993-07-06','6'),
('18','magni','Klein','M','1971-09-08','4'),
('19','quod','Grant','P','1985-12-12','2'),
('20','alias','Romaguera','M','1974-10-25','9'),
('21','rerum','Morar','M','1991-11-06','0'),
('22','alias','Lockman','P','2004-01-04','5'),
('23','similique','Wilderman','M','1991-04-11','4'),
('24','eum','Green','P','2006-10-14','5'),
('25','laudantium','Renner','D','1988-01-18','1'),
('26','pariatur','Braun','M','1978-01-09','5'),
('27','ut','Christiansen','D','2005-03-08','0'),
('28','voluptatibus','Kuvalis','M','1984-02-07','2'),
('29','tempore','Russel','D','1990-02-21','1'),
('30','ut','McGlynn','M','1988-08-28','4'),
('31','saepe','Kozey','P','2018-05-05','4'),
('32','unde','Shields','P','2016-03-28','6'),
('33','veritatis','Buckridge','M','1983-01-05','5'),
('34','exercitationem','McDermott','P','2002-07-31','1'),
('35','omnis','Bayer','P','1978-02-17','2'),
('36','voluptate','Wiza','M','2015-11-12','0'),
('37','quidem','Jacobson','P','1971-07-06','6'),
('38','id','Schiller','P','1984-11-29','2'),
('39','sed','Waters','M','1985-08-09','1'),
('40','sint','Schiller','D','2001-05-15','4'),
('41','praesentium','Cormier','M','1980-08-31','3'),
('42','sint','Emard','M','2014-06-21','7'),
('43','ipsam','Miller','P','1984-05-19','1'),
('44','labore','Jones','M','1971-01-22','3'),
('45','asperiores','Hills','D','2013-04-17','1'),
('46','sunt','O\'Hara','P','1989-09-05','3'),
('47','non','Mraz','D','2011-09-01','4'),
('48','iste','Hodkiewicz','M','1993-04-15','8'),
('49','autem','Cronin','M','2008-05-25','7'),
('50','sed','Swaniawski','M','1987-10-09','6'),
('51','qui','Kertzmann','D','2009-01-25','8'),
('52','sed','Kunde','M','1998-06-16','9'),
('53','et','Welch','P','2000-06-09','1'),
('54','dolor','Blick','D','1994-03-27','8'),
('55','harum','Treutel','P','2006-03-17','6'),
('56','illo','Sanford','M','1990-08-28','1'),
('57','officia','Becker','D','2005-10-27','3'),
('58','occaecati','Weimann','P','2014-02-10','1'),
('59','omnis','Fisher','D','1991-02-09','2'),
('60','similique','Lueilwitz','P','2011-03-29','4'),
('61','est','Leannon','M','1991-10-20','4'),
('62','placeat','Dickinson','D','1972-01-27','6'),
('63','qui','Kilback','P','2004-09-02','4'),
('64','illo','Bashirian','M','1980-10-31','1'),
('65','exercitationem','Bergstrom','P','2017-08-13','1'),
('66','libero','Osinski','D','1984-07-26','8'),
('67','dolores','Shields','M','2012-11-19','0'),
('68','sit','Cruickshank','P','1988-09-02','2'),
('69','labore','Reichel','M','1993-07-08','4'),
('70','et','Farrell','D','2019-07-30','1'),
('71','et','Lindgren','D','1988-06-13','0'),
('72','incidunt','Bosco','M','1997-09-09','7'),
('73','aliquid','Barrows','M','2010-02-08','5'),
('74','ut','Schuster','M','1976-01-30','8'),
('75','omnis','Fritsch','D','2018-05-16','0'),
('76','nesciunt','Schmidt','P','2004-04-23','3'),
('77','quis','Schumm','D','1999-06-21','4'),
('78','ab','Wehner','M','2002-04-30','2'),
('79','nesciunt','Keeling','D','2016-09-15','0'),
('80','maiores','Auer','M','2004-06-24','1'),
('81','fuga','Hodkiewicz','P','1984-06-10','1'),
('82','consequatur','Bogan','P','1974-08-13','3'),
('83','nobis','Huel','M','1972-01-29','6'),
('84','non','Ankunding','P','2004-07-09','4'),
('85','laboriosam','Pollich','M','2014-02-10','1'),
('86','exercitationem','Emmerich','M','2003-12-16','5'),
('87','et','Goodwin','P','1997-03-29','6'),
('88','distinctio','Pacocha','M','1976-07-19','7'),
('89','placeat','Hodkiewicz','M','2013-02-22','5'),
('90','minus','Carroll','P','1994-03-30','2'),
('91','et','Baumbach','P','1989-09-02','6'),
('92','inventore','Hand','P','1980-01-06','9'),
('93','rerum','Considine','D','1972-07-06','0'),
('94','laborum','Beier','D','2005-10-04','4'),
('95','nihil','Schiller','P','1975-07-06','0'),
('96','sit','Trantow','M','1995-01-07','3'),
('97','sit','Fahey','D','1993-02-14','7'),
('98','sint','Halvorson','P','1998-11-03','6'),
('99','ea','Gleichner','M','1979-10-10','4'),
('100','qui','Gottlieb','M','1990-12-16','8'); 


DROP TABLE IF EXISTS `users`;
CREATE TABLE `users` (
  `id` bigint(20) unsigned NOT NULL AUTO_INCREMENT,
  `email` varchar(120) COLLATE utf8_unicode_ci NOT NULL,
  `phone` varchar(15) COLLATE utf8_unicode_ci NOT NULL,
  `pass` varchar(200) COLLATE utf8_unicode_ci NOT NULL,
  `created_at` datetime DEFAULT current_timestamp(),
  `visible_for` enum('all','frends_of_friends','friends') COLLATE utf8_unicode_ci DEFAULT 'all',
  `can_comment` tinyint(1) DEFAULT NULL,
  `can_message` enum('all','frends_of_friends','friends') COLLATE utf8_unicode_ci DEFAULT 'all',
  `invite_to_community` enum('all','frends_of_friends','friends') COLLATE utf8_unicode_ci DEFAULT 'all',
  PRIMARY KEY (`id`),
  UNIQUE KEY `email` (`email`)
) ENGINE=InnoDB AUTO_INCREMENT=101 DEFAULT CHARSET=utf8 COLLATE=utf8_unicode_ci;

INSERT INTO `users` VALUES ('1','ulabadie@example.net','(602)897-2376x6','66f955f9cc966e575ba8e7aad5451861','1983-09-11 13:13:48','friends','0','all','all'),
('2','ygleason@example.com','845.673.4631','2c00c442a462b1cbb475a0a8a4a62327','1975-02-07 02:51:20','frends_of_friends','0','all','frends_of_friends'),
('3','timmothy.koch@example.com','021.588.3971x04','2809515dc92153e74e971238ab38ac8f','2019-11-23 16:49:30','friends','0','all','friends'),
('4','legros.sabryna@example.net','(796)502-5354x6','ee00dc9d03c3e92ed229a873c9c8579c','2007-04-19 11:51:01','friends','1','friends','all'),
('5','elizabeth.torphy@example.net','06736488215','3d1d63cb5793a8799315f73c375edfb9','2006-04-29 08:38:37','friends','1','frends_of_friends','all'),
('6','regan65@example.net','(701)512-0249x1','bee68e7a179c378adce00a1614781a42','1990-11-30 11:23:02','all','1','frends_of_friends','frends_of_friends'),
('7','johnson.lance@example.net','773-826-2231x17','851a34d60b81675dae96e1e77e15e2fc','1991-03-23 08:17:37','friends','0','frends_of_friends','all'),
('8','laurel.stokes@example.org','483-549-9259x64','0160695af5f8349b5c5163fb8f41c9f3','2011-10-25 19:49:58','friends','1','friends','frends_of_friends'),
('9','genevieve13@example.com','+54(2)733316601','76980237b2c619ad338d451e36e0bab3','1974-05-31 23:22:47','friends','1','all','friends'),
('10','zetta.glover@example.org','1-335-476-4302x','a4b24fe994ea01d4b00519d4fa714ac5','1973-07-02 14:38:19','all','1','frends_of_friends','all'),
('11','deontae02@example.org','1-472-742-3762x','94e09ce2c1e390becebe8c6ed948f49b','1990-12-15 23:04:47','all','0','friends','frends_of_friends'),
('12','frederique22@example.org','1-874-425-1156','67152a219262054693739cc3deb3a878','2008-02-05 21:41:28','friends','0','all','all'),
('13','rmurazik@example.net','(461)030-4610','bce59deda5f885b029874deff00a66c9','1970-08-09 16:50:24','all','1','friends','frends_of_friends'),
('14','hprohaska@example.net','07684248456','6a6a7516e73a6bc16e54d0d4e9aa601e','1989-04-15 10:44:00','frends_of_friends','1','frends_of_friends','all'),
('15','tbotsford@example.org','(130)252-1552x6','ae16d80719ffd1f4a0e2c33c432da6e8','1977-06-19 13:26:45','frends_of_friends','0','friends','all'),
('16','kihn.kylee@example.org','(535)468-6582','e9e9c19b4fb3213e4e86414eae7cb954','2005-11-07 00:00:23','all','1','friends','all'),
('17','casandra96@example.org','744.929.9937','aca1a0f065f6486f1261af35f5211df8','1992-10-07 21:48:05','all','1','all','frends_of_friends'),
('18','joshuah.lakin@example.org','+80(2)055234992','ed7d6d703524b1d65a4fc8f54473d0ca','1983-04-28 09:53:40','frends_of_friends','0','all','friends'),
('19','miguel.kutch@example.net','071.997.6388x52','84e2229b818a8d976af843de75f2f216','1991-09-09 21:58:40','frends_of_friends','0','friends','friends'),
('20','wanda.heller@example.net','936-555-4056x73','9014d0bd4904e35e55e94a8e61a9c1e9','2001-06-02 22:42:34','frends_of_friends','1','friends','frends_of_friends'),
('21','marquardt.celine@example.net','08943980612','6f8a1f2f822ff272d2e3727337c05a12','1989-05-25 07:27:34','friends','1','friends','frends_of_friends'),
('22','ariel28@example.net','003.589.0206x43','ef2515c6457badc5dde92a964d19c727','1973-02-11 10:43:10','all','0','all','friends'),
('23','swisozk@example.org','+32(4)131389971','4653d46affce77a6721732f9d65a6abf','2007-04-18 00:17:30','frends_of_friends','0','frends_of_friends','friends'),
('24','konopelski.adolfo@example.com','1-684-743-0483x','c6fb6c1c9d42a5f713ea8bc3924c38f3','2011-11-30 16:55:38','friends','0','friends','all'),
('25','lkeebler@example.com','+05(0)049973232','ab2cd10e820ca122803cd0af3d69b4af','1979-11-06 21:38:48','all','1','friends','friends'),
('26','hvon@example.com','1-031-402-2949x','4c4ca007477f9669d907c161969c1b8d','1985-05-27 22:08:20','frends_of_friends','1','all','friends'),
('27','makenna95@example.org','(003)448-2184x1','eed44810f7447e5b5214f0998b7354b6','2019-07-27 22:49:52','friends','1','friends','friends'),
('28','wrussel@example.com','1-333-740-8539x','dad2b86dffcb2284985386674f2b12fc','2005-10-10 12:56:59','all','0','friends','all'),
('29','emerald16@example.org','(093)005-2270','b61f71a0c87e93712d575c539032e65f','1990-05-13 12:21:47','friends','0','friends','all'),
('30','nienow.bobby@example.net','054-760-1450x74','5d0a2e28a686bcedaa47bc44e5e9100a','1972-02-16 03:54:34','all','1','frends_of_friends','friends'),
('31','pstoltenberg@example.org','207-269-2637x69','e1327cb8a37139e5e50394f0bc6e4118','1975-10-04 05:34:29','friends','1','frends_of_friends','friends'),
('32','jwiegand@example.net','1-086-901-2402x','019317143c8173a1190d6b6ffa9ca115','2018-03-10 19:19:52','frends_of_friends','0','frends_of_friends','frends_of_friends'),
('33','shields.duncan@example.net','567-723-1883x80','570c4115b1fec0c8c969500d4bbb8183','1985-09-03 16:29:19','frends_of_friends','1','frends_of_friends','friends'),
('34','ylynch@example.net','541-929-3104x15','40f2ff4f8c2761707df8cc6e62812c2f','1986-11-01 09:46:39','friends','1','all','all'),
('35','elody.littel@example.net','586.034.7377x97','8a3dc588935d6499a81adf07ef15df25','2012-10-04 17:03:32','all','0','friends','frends_of_friends'),
('36','mckenna.reichel@example.org','(382)383-9334x7','000247a42d674b59210bf8051e8c1211','2003-01-29 14:21:29','friends','1','all','friends'),
('37','cassandre.kreiger@example.org','1-612-977-9614','f4ece4a6ebacb2f9b9c73d89a84ea0b3','1990-06-22 03:59:51','all','1','all','friends'),
('38','keely43@example.com','1-909-912-1900','41d3ed7ee0b4405c9165e063df6e8de5','2009-07-01 01:44:22','all','0','all','all'),
('39','igusikowski@example.net','048.689.8035','e046e2ae66e936eda4deb37263a3ee36','1985-10-12 23:59:17','frends_of_friends','0','friends','frends_of_friends'),
('40','mueller.cassandre@example.net','429-602-5044x47','df2b34e722ac1feec00646775e64d4f5','2014-04-04 11:04:53','friends','1','frends_of_friends','frends_of_friends'),
('41','wmurphy@example.net','218-992-5404','a891cedbe3eb1676376dceac8b419109','1979-10-22 16:47:05','all','0','frends_of_friends','frends_of_friends'),
('42','champlin.shayne@example.com','(640)679-7675x2','6271905eaa92b65a0a42582fab99512b','2006-04-26 02:17:43','frends_of_friends','0','friends','frends_of_friends'),
('43','emard.ricardo@example.com','238-932-9274x25','fb29c19912805d7140cd6194f135091f','1991-05-23 09:02:12','frends_of_friends','0','friends','frends_of_friends'),
('44','hemard@example.com','1-105-216-3212x','37c19aeffdeb77dd46cd6f5d74e7c8fd','1974-11-09 08:53:10','frends_of_friends','0','all','frends_of_friends'),
('45','ldonnelly@example.com','1-667-649-8443','a2e0e041381cc4c18cfabb1a0ea400ad','1973-12-12 15:02:24','friends','1','all','all'),
('46','stephan15@example.net','1-094-095-7308x','6cec98cd02a3ac2e967cf7e1bcf72204','1976-11-14 15:55:49','frends_of_friends','0','friends','all'),
('47','okuneva.era@example.com','+71(5)963110104','6718bb3d4d84a8aa3cdf7cf3fec22fe9','1996-10-17 13:06:16','frends_of_friends','0','all','all'),
('48','filiberto77@example.org','(371)637-3327x3','ec92dcbaf9b49bdc478475931bf85d13','2013-05-26 17:06:47','all','0','frends_of_friends','friends'),
('49','spencer80@example.org','(497)676-6322','8e27fc03811ec28716d0db4f59c59b2f','1972-06-10 21:53:38','friends','0','friends','friends'),
('50','tupton@example.org','(727)055-7106x8','0b072930ddf9b96d2a51c41f9de65785','1998-04-07 01:04:16','friends','0','frends_of_friends','friends'),
('51','skye.sipes@example.net','623-520-9756x18','f6e9d08babbd2095677108a34e870ec6','2015-09-21 01:54:35','all','0','friends','frends_of_friends'),
('52','wiza.donnie@example.com','163.072.5941x81','9f0228b5523653acb0a1fbe8069f1592','1995-02-07 09:04:17','frends_of_friends','0','all','friends'),
('53','dahlia.kuhn@example.org','(691)645-9128x3','9d20c860d8b0fe080cf01b59bc102e23','1973-04-12 23:53:55','all','1','frends_of_friends','all'),
('54','nupton@example.net','(586)125-6226','6f5c30fb1940be692b246fd6a90a6776','1970-10-22 16:11:05','friends','0','frends_of_friends','friends'),
('55','dovie84@example.org','(385)917-3228x7','0f410a29b960dc727bca19b5b660df20','1972-10-25 20:00:18','all','0','all','friends'),
('56','joseph63@example.net','1-593-229-7886x','9b7b37261ba207f1b14d461293275e86','2000-03-26 23:09:32','friends','1','all','all'),
('57','kuhlman.maye@example.org','(325)653-5829x9','f961671117159bd421244689cde3300d','1998-04-25 15:00:06','all','1','friends','frends_of_friends'),
('58','tfranecki@example.net','1-970-417-7921x','c9fedb4ecbecbe8f8e17d60d3b4b4b88','1996-07-27 20:45:13','friends','0','all','friends'),
('59','xwalter@example.com','07679161209','a3a949037f20056193419998ca19bc79','2019-09-21 20:56:09','all','0','friends','frends_of_friends'),
('60','justyn.pouros@example.org','793-992-0220','80dc9342abebc3e57ef7edd21064abc6','1972-04-02 03:24:43','friends','0','frends_of_friends','all'),
('61','emory65@example.org','192-090-9566x07','857585141e88fdf5ccfd8339baa04d0c','1983-02-17 22:44:54','friends','0','frends_of_friends','friends'),
('62','hayden90@example.org','09288474321','2a2ecf6335c066e7da77185b44538c4c','1983-02-20 03:01:55','frends_of_friends','1','frends_of_friends','frends_of_friends'),
('63','alvera.champlin@example.com','1-077-934-4504x','fb50b71e9dfd5d5ab57a416342e12c14','1991-03-18 22:19:34','frends_of_friends','1','frends_of_friends','frends_of_friends'),
('64','anastasia.langworth@example.org','+18(7)682538644','4f9d33b497bc294dfcfd99bc61245ec6','1998-06-28 20:21:50','friends','1','friends','all'),
('65','bthiel@example.net','(775)625-5805x5','616638a891569340e679eec08bb3687a','1995-04-24 06:21:50','all','1','frends_of_friends','friends'),
('66','kirsten99@example.org','(930)110-5538x4','06ad545e0e99d5b8b31095cc021a6633','2020-02-19 19:17:47','friends','0','friends','frends_of_friends'),
('67','ellis.hackett@example.org','06651307120','17a2c57d6d1b63714b532c966b4f21d2','1972-10-17 04:56:06','friends','1','frends_of_friends','frends_of_friends'),
('68','gardner43@example.org','833-328-2432x24','58842aa9da88eb3f21515108a892595e','1986-09-12 09:12:34','friends','0','all','frends_of_friends'),
('69','klabadie@example.org','(245)906-9685','a50e2062ccb84d854016f31c61b1715a','1973-05-07 19:21:45','all','0','all','friends'),
('70','jackson.volkman@example.net','156.455.8952','a19a16bf0375b6ebcf240d02c6b5086c','2002-08-01 12:50:47','all','1','frends_of_friends','friends'),
('71','alba60@example.com','304-746-1773x80','66e893a0cf43bedb35b263f4a37f8007','1977-07-21 05:52:05','frends_of_friends','1','friends','friends'),
('72','dorris.erdman@example.net','09091431424','8e457ab11d394f06c5ac76c3653c06c2','1976-05-19 21:48:16','all','0','friends','friends'),
('73','ora.schowalter@example.com','091.533.4091','540f2f98302e56ca04cef6259a5bf88c','1989-12-26 00:29:10','all','0','all','frends_of_friends'),
('74','sven.hand@example.org','879-497-7373x92','1602b48c39a89a156e0747a95cdcf737','2006-03-13 02:36:56','frends_of_friends','0','all','friends'),
('75','wmoore@example.net','945-807-5020x30','d1b4613d0f4c8980dcf30e183a425208','2009-08-11 19:49:56','friends','0','frends_of_friends','frends_of_friends'),
('76','martin.botsford@example.com','989-071-2897x24','c52f80f9d9058a2f86bb6fe0ae422a3f','2019-05-01 12:56:50','friends','1','all','all'),
('77','brandt43@example.net','653-746-8451x44','378207575063a04e5abd8489bf68db1e','1978-04-13 10:09:59','frends_of_friends','0','all','friends'),
('78','burdette53@example.org','633.299.4367','a01d886d6f11686f39cf1fccd4f76723','1994-02-10 19:33:50','friends','1','all','friends'),
('79','bogan.addie@example.org','977-209-7008','371cca2e9b02f55590b78b22c0e6137f','1980-07-03 04:42:43','frends_of_friends','0','friends','all'),
('80','mlangosh@example.com','506.516.6751x06','b1cb94aaef3c249e8e5e1c8c07b6003a','1972-03-29 08:02:31','all','0','friends','all'),
('81','nlockman@example.net','440.356.3778x01','01d8f2ed94319a17e90417bc421a1bf1','1973-07-06 22:11:09','all','1','frends_of_friends','frends_of_friends'),
('82','runolfsdottir.lavinia@example.org','+50(5)623265320','5d559d30c274f12ce35cf446282352bc','1982-09-08 06:12:20','all','0','frends_of_friends','all'),
('83','agustin.little@example.org','1-979-880-5505','c4e5e84fb112d8ac34046a3c6d015975','2001-01-18 18:36:07','friends','1','all','all'),
('84','darlene.gutkowski@example.com','(586)769-7293','6036dcbb5b4125053bb44f0c96f79b6e','1979-12-31 12:50:51','frends_of_friends','0','friends','frends_of_friends'),
('85','friesen.adelbert@example.org','365-911-6367','35d084fe8fe19586a0580b9f96263851','1989-12-27 12:45:48','frends_of_friends','1','all','all'),
('86','murphy.bennie@example.net','532-312-7897','9345df093d753a9faa20266f74cb906f','1975-08-22 06:12:38','frends_of_friends','1','frends_of_friends','friends'),
('87','dameon.moore@example.org','225.431.2864x11','b1e12bb40d05d2dccb85c98141bd4d35','1993-10-26 17:39:29','frends_of_friends','0','friends','frends_of_friends'),
('88','eldred.collins@example.org','681.125.9271x49','aee55b5e3ceeef010d6c3c0fda56737b','1987-05-13 13:45:28','frends_of_friends','0','frends_of_friends','friends'),
('89','maybell02@example.org','(412)847-5119','55d1d1d1ff2413a32d5fc3fb830dc4ac','2018-02-28 11:31:36','all','0','all','all'),
('90','neva35@example.net','138.960.0006x90','1d1c155342d8fc04c08ed38e751b7aae','2019-07-19 05:05:28','friends','0','friends','friends'),
('91','heber84@example.com','641-432-5124','f660157d37cb7e19ea8728c51baccd94','2014-02-02 02:42:11','friends','1','friends','all'),
('92','camron.muller@example.com','555.486.0780','59e51aca95b8179e546bcb132f1fa8ef','1975-06-04 09:58:48','all','1','all','all'),
('93','xwisoky@example.org','(455)843-3959x4','d714a9f8c05bfe1ad6c64e0f0e98e785','2004-04-06 18:46:38','friends','0','friends','frends_of_friends'),
('94','willy08@example.org','(001)121-7774','f518ec9355f52287e3f9059b643cca45','1986-06-27 05:00:32','friends','1','all','frends_of_friends'),
('95','bheaney@example.org','+96(3)850745882','a0ebe433dbe8898b888a31e69e3fb821','2001-09-23 08:44:18','frends_of_friends','1','friends','frends_of_friends'),
('96','cleta.murazik@example.org','(180)127-5174','c4d62dc08c181c585eeb0cbe9377df6c','1973-07-12 13:07:13','frends_of_friends','1','all','friends'),
('97','werner37@example.org','(291)501-0348x5','9918ce5c16ffc0a2540901a8ac2e5c31','1972-05-02 06:34:10','all','0','friends','frends_of_friends'),
('98','gleichner.kitty@example.org','663-136-8313','e1976d8b802fb80eb3241929d14acb83','1998-08-23 11:36:34','all','0','frends_of_friends','all'),
('99','osinski.judy@example.com','1-303-359-1263x','6f74fcb402f4ab34ca39ca74d8046192','1974-06-13 14:17:49','frends_of_friends','1','frends_of_friends','frends_of_friends'),
('100','bailee63@example.com','1-830-536-2048','b40c2a3175186711e62c018d86aa94ad','1992-02-19 10:26:56','friends','1','frends_of_friends','friends'); 


DROP TABLE IF EXISTS `users_communities`;
CREATE TABLE `users_communities` (
  `community_id` bigint(20) unsigned NOT NULL,
  `user_id` bigint(20) unsigned NOT NULL,
  `is_admin` tinyint(1) DEFAULT NULL,
  PRIMARY KEY (`community_id`,`user_id`),
  KEY `user_id` (`user_id`),
  CONSTRAINT `users_communities_ibfk_1` FOREIGN KEY (`user_id`) REFERENCES `profiles` (`user_id`),
  CONSTRAINT `users_communities_ibfk_2` FOREIGN KEY (`community_id`) REFERENCES `communities` (`id`)
) ENGINE=InnoDB DEFAULT CHARSET=utf8 COLLATE=utf8_unicode_ci;

INSERT INTO `users_communities` VALUES ('2','83','0'),
('5','14','0'),
('6','38','0'),
('6','53','0'),
('6','82','1'),
('7','51','1'),
('7','71','1'),
('8','50','1'),
('8','52','0'),
('8','78','0'),
('9','14','1'),
('12','80','1'),
('13','57','0'),
('14','83','1'),
('14','88','1'),
('15','31','1'),
('15','54','0'),
('15','95','1'),
('17','65','0'),
('18','17','0'),
('18','22','0'),
('18','23','1'),
('25','47','1'),
('27','7','0'),
('29','38','1'),
('30','71','0'),
('30','90','0'),
('31','86','0'),
('32','100','1'),
('34','4','1'),
('35','3','1'),
('35','14','1'),
('35','46','0'),
('36','31','0'),
('37','5','0'),
('37','43','1'),
('38','99','1'),
('39','81','0'),
('42','1','1'),
('42','28','0'),
('42','38','1'),
('43','5','1'),
('45','34','1'),
('45','53','0'),
('47','75','0'),
('48','59','0'),
('48','78','1'),
('49','50','1'),
('49','90','0'),
('50','38','1'),
('51','67','0'),
('51','85','0'),
('51','96','0'),
('52','86','1'),
('54','29','0'),
('54','54','0'),
('55','47','0'),
('56','78','0'),
('56','97','1'),
('57','69','0'),
('58','38','1'),
('60','69','1'),
('63','10','0'),
('63','79','0'),
('64','3','0'),
('64','8','0'),
('64','22','1'),
('67','30','1'),
('67','67','1'),
('67','81','1'),
('68','78','0'),
('69','86','0'),
('70','14','0'),
('71','33','0'),
('74','36','0'),
('76','28','1'),
('76','94','0'),
('77','72','0'),
('79','68','0'),
('81','14','0'),
('84','61','0'),
('84','66','1'),
('85','8','0'),
('85','95','0'),
('89','14','1'),
('89','17','1'),
('89','27','0'),
('89','55','0'),
('89','59','1'),
('89','68','1'),
('89','96','0'),
('91','13','0'),
('91','16','1'),
('91','20','1'),
('92','75','1'),
('93','26','1'),
('95','43','1'),
('97','76','0'),
('99','1','0'),
('99','31','1'); 




/*!40101 SET SQL_MODE=@OLD_SQL_MODE */;
/*!40014 SET FOREIGN_KEY_CHECKS=@OLD_FOREIGN_KEY_CHECKS */;
/*!40014 SET UNIQUE_CHECKS=@OLD_UNIQUE_CHECKS */;
/*!40101 SET CHARACTER_SET_CLIENT=@OLD_CHARACTER_SET_CLIENT */;
/*!40101 SET CHARACTER_SET_RESULTS=@OLD_CHARACTER_SET_RESULTS */;
/*!40101 SET COLLATION_CONNECTION=@OLD_COLLATION_CONNECTION */;
/*!40111 SET SQL_NOTES=@OLD_SQL_NOTES */;

